,ICSA
1967-01-07,12.245293358683455
1967-01-14,12.240474072247506
1967-01-21,12.287652632522597
1967-01-28,12.225875272826354
1967-02-04,12.283033686666302
1967-02-11,12.341477282536376
1967-02-18,12.341477282536376
1967-02-25,12.396693005138824
1967-03-04,12.644327576461329
1967-03-11,12.392552212472792
1967-03-18,12.409013489526863
1967-03-25,12.417143615610113
1967-04-01,12.464583340681674
1967-04-08,12.456831363877356
1967-04-15,12.608198852372823
1967-04-22,12.409013489526863
1967-04-29,12.449018824140563
1967-05-06,12.445089546000673
1967-05-13,12.35017298950393
1967-05-20,12.345834587905333
1967-05-27,12.337100907936577
1967-06-03,12.421184025147118
1967-06-10,12.380025952653611
1967-06-17,12.319401330837177
1967-06-24,12.292250341771226
1967-07-01,12.250089530946948
1967-07-08,12.388394202324129
1967-07-15,12.392552212472792
1967-07-22,12.388394202324129
1967-07-29,12.250089530946948
1967-08-05,12.30591798049989
1967-08-12,12.216022976383341
1967-08-19,12.2783933071098
1967-08-26,12.269047444691562
1967-09-02,12.292250341771226
1967-09-09,12.35017298950393
1967-09-16,12.301382825334498
1967-09-23,12.250089530946948
1967-09-30,12.225875272826354
1967-10-07,12.35017298950393
1967-10-14,12.235631447771718
1967-10-21,12.314927050442256
1967-10-28,12.240474072247506
1967-11-04,12.310432660854417
1967-11-11,12.273731294003989
1967-11-18,12.196022309676673
1967-11-25,12.160028707028767
1967-12-02,12.185869938212655
1967-12-09,12.30591798049989
1967-12-16,12.225875272826354
1967-12-23,12.296827008798639
1967-12-30,12.283033686666302
1968-01-06,12.310432660854417
1968-01-13,12.310432660854417
1968-01-20,12.30591798049989
1968-01-27,12.196022309676673
1968-02-03,12.404923504275338
1968-02-10,12.254862809699606
1968-02-17,12.185869938212655
1968-02-24,12.170445467887022
1968-03-02,12.154779351142624
1968-03-09,12.225875272826354
1968-03-16,12.154779351142624
1968-03-23,12.206072645530174
1968-03-30,12.165250651009918
1968-04-06,12.160028707028767
1968-04-13,12.049418835484797
1968-04-20,12.117241431823558
1968-04-27,12.43320821811392
1968-05-04,12.250089530946948
1968-05-11,12.175613438045465
1968-05-18,12.201060103706629
1968-05-25,12.175613438045465
1968-06-01,12.201060103706629
1968-06-08,12.165250651009918
1968-06-15,12.175613438045465
1968-06-22,12.14950229404178
1968-06-29,12.175613438045465
1968-07-06,12.273731294003989
1968-07-13,12.133501952695338
1968-07-20,12.100712129872347
1968-07-27,12.230765258120545
1968-08-03,12.235631447771718
1968-08-10,12.292250341771226
1968-08-17,12.165250651009918
1968-08-24,12.170445467887022
1968-08-31,12.144197241812087
1968-09-07,12.14950229404178
1968-09-14,12.180754837545884
1968-09-21,12.160028707028767
1968-09-28,12.14950229404178
1968-10-05,12.128111104060462
1968-10-12,12.133501952695338
1968-10-19,12.160028707028767
1968-10-26,12.111761966058932
1968-11-02,12.106252310247962
1968-11-09,12.117241431823558
1968-11-16,12.165250651009918
1968-11-23,12.201060103706629
1968-11-30,11.99535161421452
1968-12-07,12.144197241812087
1968-12-14,12.180754837545884
1968-12-21,12.165250651009918
1968-12-28,12.314927050442256
1969-01-04,12.154779351142624
1969-01-11,12.160028707028767
1969-01-18,12.165250651009918
1969-01-25,12.170445467887022
1969-02-01,12.220961258023925
1969-02-08,12.190959007720126
1969-02-15,12.165250651009918
1969-02-22,12.165250651009918
1969-03-01,12.211060187041213
1969-03-08,12.160028707028767
1969-03-15,12.14950229404178
1969-03-22,12.106252310247962
1969-03-29,12.117241431823558
1969-04-05,12.111761966058932
1969-04-12,12.154779351142624
1969-04-19,12.138863895836725
1969-04-26,12.083905011555967
1969-05-03,12.083905011555967
1969-05-10,12.117241431823558
1969-05-17,12.095141084822892
1969-05-24,12.100712129872347
1969-05-31,12.138863895836725
1969-06-07,12.165250651009918
1969-06-14,12.111761966058932
1969-06-21,12.160028707028767
1969-06-28,12.220961258023925
1969-07-05,12.332705296463539
1969-07-12,12.254862809699606
1969-07-19,12.235631447771718
1969-07-26,12.165250651009918
1969-08-02,12.185869938212655
1969-08-09,12.220961258023925
1969-08-16,12.201060103706629
1969-08-23,12.201060103706629
1969-08-30,12.180754837545884
1969-09-06,12.111761966058932
1969-09-13,12.250089530946948
1969-09-20,12.180754837545884
1969-09-27,12.170445467887022
1969-10-04,12.170445467887022
1969-10-11,12.206072645530174
1969-10-18,12.201060103706629
1969-10-25,12.230765258120545
1969-11-01,12.196022309676673
1969-11-08,12.259613412458204
1969-11-15,12.190959007720126
1969-11-22,12.287652632522597
1969-11-29,12.216022976383341
1969-12-06,12.216022976383341
1969-12-13,12.310432660854417
1969-12-20,12.354492650648448
1969-12-27,12.314927050442256
1970-01-03,12.345834587905333
1970-01-10,12.396693005138824
1970-01-17,12.498742259492994
1970-01-24,12.4529327234617
1970-01-31,12.384218830913648
1970-02-07,12.4529327234617
1970-02-14,12.487485104968359
1970-02-21,12.509874099861838
1970-02-28,12.396693005138824
1970-03-07,12.476099782743233
1970-03-14,12.509874099861838
1970-03-21,12.483704382128453
1970-03-28,12.528156144699286
1970-04-04,12.517227074167097
1970-04-11,12.628067055589549
1970-04-18,12.832011076396668
1970-04-25,12.762827201184564
1970-05-02,12.718896271958837
1970-05-09,12.669806661762314
1970-05-16,12.621488084491506
1970-05-23,12.598114733306197
1970-05-30,12.614865543731012
1970-06-06,12.614865543731012
1970-06-13,12.604848765487542
1970-06-20,12.598114733306197
1970-06-27,12.581078546153629
1970-07-04,12.531772785169476
1970-07-11,12.570715759118084
1970-07-18,12.591335046320818
1970-07-25,12.567237494741757
1970-08-01,12.47227568630483
1970-08-08,12.491251587763836
1970-08-15,12.611537753638338
1970-08-22,12.621488084491506
1970-08-29,12.601487417784837
1970-09-05,12.688498794774466
1970-09-12,12.584509081250419
1970-09-19,12.691580461311874
1970-09-26,12.71589776896258
1970-10-03,12.765688433465597
1970-10-10,12.697715449879391
1970-10-17,12.718896271958837
1970-10-24,12.706847933442663
1970-10-31,12.697715449879391
1970-11-07,12.724866438945341
1970-11-14,12.65714826489039
1970-11-21,12.65714826489039
1970-11-28,12.727838209334498
1970-12-05,12.637855061955712
1970-12-12,12.631340380934517
1970-12-19,12.57418196709457
1970-12-26,12.679196402112153
1971-01-02,12.621488084491506
1971-01-09,12.570715759118084
1971-01-16,12.608198852372823
1971-01-23,12.65075846679162
1971-01-30,12.584509081250419
1971-02-06,12.598114733306197
1971-02-13,12.54966234992025
1971-02-20,12.498742259492994
1971-02-27,12.577636201962656
1971-03-06,12.601487417784837
1971-03-13,12.567237494741757
1971-03-20,12.581078546153629
1971-03-27,12.611537753638338
1971-04-03,12.608198852372823
1971-04-10,12.538967060803502
1971-04-17,12.556729517143344
1971-04-24,12.570715759118084
1971-05-01,12.577636201962656
1971-05-08,12.587927887999204
1971-05-15,12.556729517143344
1971-05-22,12.594730635321957
1971-05-29,12.608198852372823
1971-06-05,12.614865543731012
1971-06-12,12.594730635321957
1971-06-19,12.608198852372823
1971-06-26,12.581078546153629
1971-07-03,12.531772785169476
1971-07-10,12.483704382128453
1971-07-17,12.65395846952229
1971-07-24,12.624782980388359
1971-07-31,12.637855061955712
1971-08-07,12.762827201184564
1971-08-14,12.691580461311874
1971-08-21,12.676076274775909
1971-08-28,12.634603026569334
1971-09-04,12.791077667470416
1971-09-11,12.65075846679162
1971-09-18,12.618182296357007
1971-09-25,12.637855061955712
1971-10-02,12.608198852372823
1971-10-09,12.65395846952229
1971-10-16,12.608198852372823
1971-10-23,12.591335046320818
1971-10-30,12.553202176625375
1971-11-06,12.614865543731012
1971-11-13,12.594730635321957
1971-11-20,12.520883385370206
1971-11-27,12.535376392672774
1971-12-04,12.608198852372823
1971-12-11,12.542544882151386
1971-12-18,12.502466658583977
1971-12-25,12.404923504275338
1972-01-01,12.538967060803502
1972-01-08,12.594730635321957
1972-01-15,12.429216196844383
1972-01-22,12.479909311159902
1972-01-29,12.502466658583977
1972-02-05,12.528156144699286
1972-02-12,12.491251587763836
1972-02-19,12.460714863903755
1972-02-26,12.445089546000673
1972-03-04,12.456831363877356
1972-03-11,12.483704382128453
1972-03-18,12.491251587763836
1972-03-25,12.483704382128453
1972-04-01,12.460714863903755
1972-04-08,12.520883385370206
1972-04-15,12.464583340681674
1972-04-22,12.464583340681674
1972-04-29,12.487485104968359
1972-05-06,12.509874099861838
1972-05-13,12.491251587763836
1972-05-20,12.495003937382387
1972-05-27,12.495003937382387
1972-06-03,12.483704382128453
1972-06-10,12.498742259492994
1972-06-17,12.524526376648708
1972-06-24,12.56374708980199
1972-07-01,12.765688433465597
1972-07-08,12.601487417784837
1972-07-15,12.669806661762314
1972-07-22,12.528156144699286
1972-07-29,12.417143615610113
1972-08-05,12.429216196844383
1972-08-12,12.4130868149145
1972-08-19,12.4529327234617
1972-08-26,12.476099782743233
1972-09-02,12.460714863903755
1972-09-09,12.464583340681674
1972-09-16,12.460714863903755
1972-09-23,12.449018824140563
1972-09-30,12.43320821811392
1972-10-07,12.479909311159902
1972-10-14,12.429216196844383
1972-10-21,12.456831363877356
1972-10-28,12.363076394339839
1972-11-04,12.449018824140563
1972-11-11,12.396693005138824
1972-11-18,12.509874099861838
1972-11-25,12.367340793126296
1972-12-02,12.328290278254423
1972-12-09,12.437184366493561
1972-12-16,12.479909311159902
1972-12-23,12.4130868149145
1972-12-30,12.323855681186558
1973-01-06,12.328290278254423
1973-01-13,12.409013489526863
1973-01-20,12.341477282536376
1973-01-27,12.273731294003989
1973-02-03,12.337100907936577
1973-02-10,12.328290278254423
1973-02-17,12.283033686666302
1973-02-24,12.292250341771226
1973-03-03,12.323855681186558
1973-03-10,12.341477282536376
1973-03-17,12.337100907936577
1973-03-24,12.354492650648448
1973-03-31,12.310432660854417
1973-04-07,12.417143615610113
1973-04-14,12.345834587905333
1973-04-21,12.400816722322686
1973-04-28,12.371587084007746
1973-05-05,12.421184025147118
1973-05-12,12.380025952653611
1973-05-19,12.375815420117268
1973-05-26,12.380025952653611
1973-06-02,12.354492650648448
1973-06-09,12.4130868149145
1973-06-16,12.375815420117268
1973-06-23,12.396693005138824
1973-06-30,12.375815420117268
1973-07-07,12.421184025147118
1973-07-14,12.354492650648448
1973-07-21,12.392552212472792
1973-07-28,12.429216196844383
1973-08-04,12.4529327234617
1973-08-11,12.487485104968359
1973-08-18,12.460714863903755
1973-08-25,12.445089546000673
1973-09-01,12.396693005138824
1973-09-08,12.437184366493561
1973-09-15,12.409013489526863
1973-09-22,12.4130868149145
1973-09-29,12.425208175446844
1973-10-06,12.371587084007746
1973-10-13,12.4130868149145
1973-10-20,12.425208175446844
1973-10-27,12.367340793126296
1973-11-03,12.4130868149145
1973-11-10,12.54966234992025
1973-11-17,12.445089546000673
1973-11-24,12.358793732547838
1973-12-01,12.4529327234617
1973-12-08,12.491251587763836
1973-12-15,12.513557345278134
1973-12-22,12.694652660348845
1973-12-29,12.611537753638338
1974-01-05,12.502466658583977
1974-01-12,12.736700896592344
1974-01-19,12.679196402112153
1974-01-26,12.581078546153629
1974-02-02,12.618182296357007
1974-02-09,12.818551923022664
1974-02-16,12.647548191161372
1974-02-23,12.584509081250419
1974-03-02,12.614865543731012
1974-03-09,12.628067055589549
1974-03-16,12.66032791780777
1974-03-23,12.65714826489039
1974-03-30,12.685407602204794
1974-04-06,12.598114733306197
1974-04-13,12.601487417784837
1974-04-20,12.598114733306197
1974-04-27,12.553202176625375
1974-05-04,12.567237494741757
1974-05-11,12.598114733306197
1974-05-18,12.604848765487542
1974-05-25,12.641096555879882
1974-06-01,12.535376392672774
1974-06-08,12.65714826489039
1974-06-15,12.621488084491506
1974-06-22,12.637855061955712
1974-06-29,12.691580461311874
1974-07-06,12.647548191161372
1974-07-13,12.624782980388359
1974-07-20,12.621488084491506
1974-07-27,12.676076274775909
1974-08-03,12.721885810807203
1974-08-10,12.757080058928997
1974-08-17,12.712890247898626
1974-08-24,12.745485726148077
1974-08-31,12.765688433465597
1974-09-07,12.765688433465597
1974-09-14,12.785491060761776
1974-09-21,12.821258284620408
1974-09-28,12.810388612383504
1974-10-05,12.823957341589573
1974-10-12,12.931202871943169
1974-10-19,12.871334622600584
1974-10-26,12.933621252807452
1974-11-02,12.91410843858387
1974-11-09,12.996800154428984
1974-11-16,13.01477816672439
1974-11-23,13.15773052124162
1974-11-30,13.068962600677214
1974-12-07,13.176851562688398
1974-12-14,13.142166004700508
1974-12-21,13.163505320735505
1974-12-28,13.193753373491
1975-01-04,13.030248088496522
1975-01-11,13.224919965729422
1975-01-18,13.262125319779487
1975-01-25,13.226723392728571
1975-02-01,13.233904752137237
1975-02-08,13.208541073645382
1975-02-15,13.180632285528304
1975-02-22,13.206704525838079
1975-03-01,13.210374254727043
1975-03-08,13.219490088135052
1975-03-15,13.182517300224076
1975-03-22,13.217673557208654
1975-03-29,13.226723392728571
1975-04-05,13.193753373491
1975-04-12,13.16158409055761
1975-04-19,13.182517300224076
1975-04-26,13.148031124152906
1975-05-03,13.132313708257497
1975-05-10,13.13626628257332
1975-05-17,13.149978544437301
1975-05-24,13.108264453024827
1975-05-31,13.071070083016778
1975-06-07,13.178743710840436
1975-06-14,13.116345305078767
1975-06-21,13.116345305078767
1975-06-28,13.036805489042683
1975-07-05,12.955127458028414
1975-07-12,13.008074231002201
1975-07-19,13.005829561148378
1975-07-26,13.025852477023484
1975-08-02,13.025852477023484
1975-08-09,13.036805489042683
1975-08-16,13.003579841414362
1975-08-23,13.032438669876342
1975-08-30,13.008074231002201
1975-09-06,13.010313873595706
1975-09-13,13.030248088496522
1975-09-20,12.978493006984626
1975-09-27,13.005829561148378
1975-10-04,12.962194625251508
1975-10-11,12.969212197910155
1975-10-18,12.909170156943286
1975-10-25,12.962194625251508
1975-11-01,12.933621252807452
1975-11-08,12.936033799212835
1975-11-15,12.863592648446968
1975-11-22,12.901716706288706
1975-11-29,12.866179972011919
1975-12-06,12.829333698625952
1975-12-13,12.815838217151068
1975-12-20,12.80765263256463
1975-12-27,12.876462838967504
1976-01-03,12.799399490807907
1976-01-10,12.904207367601158
1976-01-17,12.821258284620408
1976-01-24,12.802158113246987
1976-01-31,12.791077667470416
1976-02-07,12.774223335915433
1976-02-14,12.748396936355535
1976-02-21,12.757080058928997
1976-02-28,12.762827201184564
1976-03-06,12.759957758756611
1976-03-13,12.793859310432293
1976-03-20,12.815838217151068
1976-03-27,12.810388612383504
1976-04-03,12.84792653170257
1976-04-10,12.829333698625952
1976-04-17,12.796633237315017
1976-04-24,12.813117127036707
1976-05-01,12.86099861326992
1976-05-08,12.886641043883259
1976-05-15,12.853175887588712
1976-05-22,12.884106188280072
1976-05-29,12.904207367601158
1976-06-05,12.853175887588712
1976-06-12,12.916568464424731
1976-06-19,12.896716695872
1976-06-26,12.866179972011919
1976-07-03,12.884106188280072
1976-07-10,12.826649133255284
1976-07-17,12.91410843858387
1976-07-24,12.884106188280072
1976-07-31,12.86876061860541
1976-08-07,12.842649474601725
1976-08-14,12.853175887588712
1976-08-21,12.89921982609012
1976-08-28,12.884106188280072
1976-09-04,12.950388112664518
1976-09-11,12.855790268162783
1976-09-18,12.90669184092882
1976-09-25,12.955127458028414
1976-10-02,12.9190224533863
1976-10-09,12.926348493478372
1976-10-16,12.90669184092882
1976-10-23,12.921470435024938
1976-10-30,12.933621252807452
1976-11-06,12.873902018105829
1976-11-13,12.855790268162783
1976-11-20,12.9190224533863
1976-11-27,12.840000466430148
1976-12-04,12.904207367601158
1976-12-11,12.886641043883259
1976-12-18,12.80765263256463
1976-12-25,12.71589776896258
1977-01-01,12.84792653170257
1977-01-08,12.9384405392434
1977-01-15,12.815838217151068
1977-01-22,12.955127458028414
1977-01-29,12.952760593018148
1977-02-05,13.244581010128577
1977-02-12,13.075271769870477
1977-02-19,12.896716695872
1977-02-26,12.799399490807907
1977-03-05,12.796633237315017
1977-03-12,12.779873068457553
1977-03-19,12.818551923022664
1977-03-26,12.782686009834167
1977-04-02,12.765688433465597
1977-04-09,12.837344422372032
1977-04-16,12.796633237315017
1977-04-23,12.834681304952548
1977-04-30,12.834681304952548
1977-05-07,12.858397831569864
1977-05-14,12.850554654108839
1977-05-21,12.834681304952548
1977-05-28,12.850554654108839
1977-06-04,12.802158113246987
1977-06-11,12.788288265382837
1977-06-18,12.791077667470416
1977-06-25,12.80765263256463
1977-07-02,12.765688433465597
1977-07-09,12.796633237315017
1977-07-16,12.810388612383504
1977-07-23,12.80765263256463
1977-07-30,12.80765263256463
1977-08-06,12.842649474601725
1977-08-13,12.791077667470416
1977-08-20,12.813117127036707
1977-08-27,12.80765263256463
1977-09-03,12.832011076396668
1977-09-10,12.791077667470416
1977-09-17,12.799399490807907
1977-09-24,12.84792653170257
1977-10-01,12.759957758756611
1977-10-08,12.80765263256463
1977-10-15,12.788288265382837
1977-10-22,12.834681304952548
1977-10-29,12.762827201184564
1977-11-05,12.810388612383504
1977-11-12,12.718896271958837
1977-11-19,12.793859310432293
1977-11-26,12.777052192115912
1977-12-03,12.813117127036707
1977-12-10,12.804909146618877
1977-12-17,12.791077667470416
1977-12-24,12.748396936355535
1977-12-31,12.804909146618877
1978-01-07,12.75419405403986
1978-01-14,12.745485726148077
1978-01-21,12.771386454580234
1978-01-28,12.802158113246987
1978-02-04,12.793859310432293
1978-02-11,12.829333698625952
1978-02-18,12.969212197910155
1978-02-25,12.823957341589573
1978-03-04,12.779873068457553
1978-03-11,12.791077667470416
1978-03-18,12.757080058928997
1978-03-25,12.721885810807203
1978-04-01,12.71589776896258
1978-04-08,12.751299696013497
1978-04-15,12.641096555879882
1978-04-22,12.672946381766982
1978-04-29,12.688498794774466
1978-05-06,12.718896271958837
1978-05-13,12.682306824526545
1978-05-20,12.718896271958837
1978-05-27,12.669806661762314
1978-06-03,12.644327576461329
1978-06-10,12.7098736543592
1978-06-17,12.694652660348845
1978-06-24,12.706847933442663
1978-07-01,12.759957758756611
1978-07-08,12.782686009834167
1978-07-15,12.771386454580234
1978-07-22,12.762827201184564
1978-07-29,12.75419405403986
1978-08-05,12.80765263256463
1978-08-12,12.777052192115912
1978-08-19,12.745485726148077
1978-08-26,12.71589776896258
1978-09-02,12.65395846952229
1978-09-09,12.727838209334498
1978-09-16,12.682306824526545
1978-09-23,12.685407602204794
1978-09-30,12.669806661762314
1978-10-07,12.745485726148077
1978-10-14,12.66349749256905
1978-10-21,12.730801174465157
1978-10-28,12.66349749256905
1978-11-04,12.666657052859417
1978-11-11,12.624782980388359
1978-11-18,12.742566016044742
1978-11-25,12.791077667470416
1978-12-02,12.840000466430148
1978-12-09,12.748396936355535
1978-12-16,12.757080058928997
1978-12-23,12.771386454580234
1978-12-30,12.788288265382837
1979-01-06,12.791077667470416
1979-01-13,12.8790171187726
1979-01-20,12.727838209334498
1979-01-27,12.742566016044742
1979-02-03,12.759957758756611
1979-02-10,12.791077667470416
1979-02-17,12.813117127036707
1979-02-24,12.793859310432293
1979-03-03,12.779873068457553
1979-03-10,12.802158113246987
1979-03-17,12.791077667470416
1979-03-24,12.774223335915433
1979-03-31,12.793859310432293
1979-04-07,13.049792684569493
1979-04-14,13.032438669876342
1979-04-21,12.855790268162783
1979-04-28,12.785491060761776
1979-05-05,12.774223335915433
1979-05-12,12.748396936355535
1979-05-19,12.75419405403986
1979-05-26,12.762827201184564
1979-06-02,12.724866438945341
1979-06-09,12.80765263256463
1979-06-16,12.768541502448002
1979-06-23,12.845291484064564
1979-06-30,12.818551923022664
1979-07-07,12.815838217151068
1979-07-14,12.815838217151068
1979-07-21,12.886641043883259
1979-07-28,12.863592648446968
1979-08-04,12.928778628331663
1979-08-11,12.863592648446968
1979-08-18,12.866179972011919
1979-08-25,12.873902018105829
1979-09-01,12.871334622600584
1979-09-08,12.842649474601725
1979-09-15,12.858397831569864
1979-09-22,12.86876061860541
1979-09-29,12.873902018105829
1979-10-06,12.928778628331663
1979-10-13,12.881564890851399
1979-10-20,12.91410843858387
1979-10-27,12.894207284266574
1979-11-03,12.886641043883259
1979-11-10,12.933621252807452
1979-11-17,12.971540487669746
1979-11-24,12.933621252807452
1979-12-01,12.9384405392434
1979-12-08,12.936033799212835
1979-12-15,12.926348493478372
1979-12-22,13.062613372998555
1979-12-29,12.966878474563934
1980-01-05,12.884106188280072
1980-01-12,12.911642346088676
1980-01-19,13.008074231002201
1980-01-26,12.928778628331663
1980-02-02,12.909170156943286
1980-02-09,12.959844447906553
1980-02-16,12.936033799212835
1980-02-23,12.966878474563934
1980-03-01,12.921470435024938
1980-03-08,12.943236711506893
1980-03-15,12.976180867226248
1980-03-22,12.983101310070822
1980-03-29,13.071070083016778
1980-04-05,13.047639831208393
1980-04-12,13.206704525838079
1980-04-19,13.214030565930152
1980-04-26,13.241034907121827
1980-05-03,13.256894270361935
1980-05-10,13.306350213517344
1980-05-17,13.372343582672098
1980-05-24,13.348701819615057
1980-05-31,13.3645249345543
1980-06-07,13.321214236149494
1980-06-14,13.291261913866142
1980-06-21,13.303016877097587
1980-06-28,13.348701819615057
1980-07-05,13.269057756555132
1980-07-12,13.186276703147982
1980-07-19,13.248114582709889
1980-07-26,13.232114241363448
1980-08-02,13.251635713108469
1980-08-09,13.186276703147982
1980-08-16,13.17115354157376
1980-08-23,13.146079904021645
1980-08-30,13.126355398673866
1980-09-06,13.144124869185841
1980-09-13,13.106233995474446
1980-09-20,13.049792684569493
1980-09-27,13.045482333068371
1980-10-04,13.043320170063875
1980-10-11,13.010313873595706
1980-10-18,12.959844447906553
1980-10-25,12.943236711506893
1980-11-01,12.945626198904275
1980-11-08,12.916568464424731
1980-11-15,12.96453929221076
1980-11-22,12.894207284266574
1980-11-29,12.928778628331663
1980-12-06,12.9384405392434
1980-12-13,12.931202871943169
1980-12-20,12.928778628331663
1980-12-27,12.896716695872
1981-01-03,12.92391243868049
1981-01-10,12.945626198904275
1981-01-17,12.950388112664518
1981-01-24,12.889169490236618
1981-01-31,12.945626198904275
1981-02-07,12.948009990259552
1981-02-14,12.955127458028414
1981-02-21,12.989974189358584
1981-02-28,12.980799813082541
1981-03-07,12.921470435024938
1981-03-14,12.9190224533863
1981-03-21,12.901716706288706
1981-03-28,12.928778628331663
1981-04-04,12.94084150078094
1981-04-11,12.889169490236618
1981-04-18,12.8790171187726
1981-04-25,12.985397522331171
1981-05-02,12.931202871943169
1981-05-09,12.955127458028414
1981-05-16,12.933621252807452
1981-05-23,12.936033799212835
1981-05-30,12.94084150078094
1981-06-06,12.966878474563934
1981-06-13,12.959844447906553
1981-06-20,12.983101310070822
1981-06-27,13.003579841414362
1981-07-04,13.038981768465277
1981-07-11,12.962194625251508
1981-07-18,12.971540487669746
1981-07-25,12.916568464424731
1981-08-01,13.073173133213556
1981-08-08,13.012548511397123
1981-08-15,12.999065161059836
1981-08-22,12.980799813082541
1981-08-29,13.019222618484815
1981-09-05,13.06685066747407
1981-09-12,13.025852477023484
1981-09-19,13.071070083016778
1981-09-26,13.104199406776658
1981-10-03,13.10011776845701
1981-10-10,13.104199406776658
1981-10-17,13.096019402064726
1981-10-24,13.087771932634709
1981-10-31,13.149978544437301
1981-11-07,13.149978544437301
1981-11-14,13.155798153490567
1981-11-21,13.047639831208393
1981-11-28,13.221303325259232
1981-12-05,13.232114241363448
1981-12-12,13.219490088135052
1981-12-19,13.197470849891134
1981-12-26,13.228523573232719
1982-01-02,13.112313041550827
1982-01-09,13.208541073645382
1982-01-16,13.10011776845701
1982-01-23,13.242809530480196
1982-01-30,13.27594246533263
1982-02-06,13.228523573232719
1982-02-13,13.13626628257332
1982-02-20,13.206704525838079
1982-02-27,13.176851562688398
1982-03-06,13.228523573232719
1982-03-13,13.197470849891134
1982-03-20,13.230320518909421
1982-03-27,13.260384675301703
1982-04-03,13.267329147654515
1982-04-10,13.279367126213993
1982-04-17,13.29967239237474
1982-04-24,13.284482226880764
1982-05-01,13.263862939678027
1982-05-08,13.277656261810364
1982-05-15,13.279367126213993
1982-05-22,13.281075068559149
1982-05-29,13.284482226880764
1982-06-05,13.322852238153732
1982-06-12,13.327750207129279
1982-06-19,13.289571296388235
1982-06-26,13.274225726713574
1982-07-03,13.304684934198283
1982-07-10,13.256894270361935
1982-07-17,13.248114582709889
1982-07-24,13.19188944005294
1982-07-31,13.312983737012978
1982-08-07,13.314635265051452
1982-08-14,13.3645249345543
1982-08-21,13.350295445450335
1982-08-28,13.380101573483037
1982-09-04,13.386264921190707
1982-09-11,13.370784735902808
1982-09-18,13.42984807715229
1982-09-25,13.41652441595382
1982-10-02,13.45166712454693
1982-10-09,13.386264921190707
1982-10-16,13.393916067926225
1982-10-23,13.34230179776959
1982-10-30,13.3645249345543
1982-11-06,13.286181462633724
1982-11-13,13.303016877097587
1982-11-20,13.265597545490236
1982-11-27,13.324487561494463
1982-12-04,13.230320518909421
1982-12-11,13.186276703147982
1982-12-18,13.1538620444637
1982-12-25,13.10011776845701
1983-01-01,13.188151117942333
1983-01-08,13.142166004700508
1983-01-15,13.079455876393052
1983-01-22,13.079455876393052
1983-01-29,13.128345449081877
1983-02-05,13.124361380067002
1983-02-12,13.093963902882631
1983-02-19,13.096019402064726
1983-02-26,13.083622549087899
1983-03-05,13.112313041550827
1983-03-12,13.071070083016778
1983-03-19,13.060487973686241
1983-03-26,13.083622549087899
1983-04-02,13.104199406776658
1983-04-09,13.114331205707064
1983-04-16,13.151922179645874
1983-04-23,13.098070684835283
1983-04-30,13.102160670086809
1983-05-07,13.110290796170059
1983-05-14,13.047639831208393
1983-05-21,13.038981768465277
1983-05-28,13.025852477023484
1983-06-04,13.036805489042683
1983-06-11,12.999065161059836
1983-06-18,12.980799813082541
1983-06-25,12.999065161059836
1983-07-02,12.952760593018148
1983-07-09,12.928778628331663
1983-07-16,12.889169490236618
1983-07-23,12.886641043883259
1983-07-30,12.936033799212835
1983-08-06,12.936033799212835
1983-08-13,13.032438669876342
1983-08-20,13.005829561148378
1983-08-27,12.962194625251508
1983-09-03,12.926348493478372
1983-09-10,12.90669184092882
1983-09-17,12.911642346088676
1983-09-24,12.9384405392434
1983-10-01,12.931202871943169
1983-10-08,12.91410843858387
1983-10-15,12.884106188280072
1983-10-22,12.884106188280072
1983-10-29,12.909170156943286
1983-11-05,12.886641043883259
1983-11-12,12.873902018105829
1983-11-19,12.866179972011919
1983-11-26,12.894207284266574
1983-12-03,12.80765263256463
1983-12-10,12.815838217151068
1983-12-17,12.799399490807907
1983-12-24,12.840000466430148
1983-12-31,12.826649133255284
1984-01-07,12.782686009834167
1984-01-14,12.768541502448002
1984-01-21,12.71589776896258
1984-01-28,12.804909146618877
1984-02-04,12.742566016044742
1984-02-11,12.730801174465157
1984-02-18,12.718896271958837
1984-02-25,12.745485726148077
1984-03-03,12.757080058928997
1984-03-10,12.75419405403986
1984-03-17,12.762827201184564
1984-03-24,12.75419405403986
1984-03-31,12.739637756265655
1984-04-07,12.850554654108839
1984-04-14,12.785491060761776
1984-04-21,12.804909146618877
1984-04-28,12.834681304952548
1984-05-05,12.80765263256463
1984-05-12,12.815838217151068
1984-05-19,12.777052192115912
1984-05-26,12.777052192115912
1984-06-02,12.779873068457553
1984-06-09,12.818551923022664
1984-06-16,12.796633237315017
1984-06-23,12.799399490807907
1984-06-30,12.793859310432293
1984-07-07,12.810388612383504
1984-07-14,12.793859310432293
1984-07-21,12.785491060761776
1984-07-28,12.791077667470416
1984-08-04,12.853175887588712
1984-08-11,12.84792653170257
1984-08-18,12.901716706288706
1984-08-25,12.886641043883259
1984-09-01,12.86099861326992
1984-09-08,12.904207367601158
1984-09-15,12.881564890851399
1984-09-22,12.886641043883259
1984-09-29,12.904207367601158
1984-10-06,12.90669184092882
1984-10-13,12.92391243868049
1984-10-20,12.992254692057308
1984-10-27,12.959844447906553
1984-11-03,12.955127458028414
1984-11-10,12.881564890851399
1984-11-17,12.855790268162783
1984-11-24,12.969212197910155
1984-12-01,12.901716706288706
1984-12-08,12.855790268162783
1984-12-15,12.863592648446968
1984-12-22,12.845291484064564
1984-12-29,12.845291484064564
1985-01-05,12.818551923022664
1985-01-12,12.866179972011919
1985-01-19,12.791077667470416
1985-01-26,12.815838217151068
1985-02-02,12.863592648446968
1985-02-09,12.901716706288706
1985-02-16,12.873902018105829
1985-02-23,12.873902018105829
1985-03-02,12.832011076396668
1985-03-09,12.86099861326992
1985-03-16,12.863592648446968
1985-03-23,12.829333698625952
1985-03-30,12.863592648446968
1985-04-06,12.911642346088676
1985-04-13,12.926348493478372
1985-04-20,12.876462838967504
1985-04-27,12.863592648446968
1985-05-04,12.873902018105829
1985-05-11,12.884106188280072
1985-05-18,12.876462838967504
1985-05-25,12.889169490236618
1985-06-01,12.881564890851399
1985-06-08,12.90669184092882
1985-06-15,12.873902018105829
1985-06-22,12.863592648446968
1985-06-29,12.873902018105829
1985-07-06,12.886641043883259
1985-07-13,12.863592648446968
1985-07-20,12.821258284620408
1985-07-27,12.799399490807907
1985-08-03,12.916568464424731
1985-08-10,12.904207367601158
1985-08-17,12.896716695872
1985-08-24,12.911642346088676
1985-08-31,12.921470435024938
1985-09-07,12.962194625251508
1985-09-14,12.9190224533863
1985-09-21,12.901716706288706
1985-09-28,12.896716695872
1985-10-05,12.911642346088676
1985-10-12,12.89921982609012
1985-10-19,12.89921982609012
1985-10-26,12.943236711506893
1985-11-02,12.894207284266574
1985-11-09,12.891691559669328
1985-11-16,12.891691559669328
1985-11-23,12.853175887588712
1985-11-30,12.881564890851399
1985-12-07,12.896716695872
1985-12-14,12.853175887588712
1985-12-21,12.821258284620408
1985-12-28,12.873902018105829
1986-01-04,12.799399490807907
1986-01-11,12.891691559669328
1986-01-18,12.804909146618877
1986-01-25,12.748396936355535
1986-02-01,12.804909146618877
1986-02-08,12.810388612383504
1986-02-15,12.788288265382837
1986-02-22,12.873902018105829
1986-03-01,12.834681304952548
1986-03-08,12.810388612383504
1986-03-15,12.853175887588712
1986-03-22,12.866179972011919
1986-03-29,12.889169490236618
1986-04-05,12.850554654108839
1986-04-12,12.86876061860541
1986-04-19,12.855790268162783
1986-04-26,12.876462838967504
1986-05-03,12.8790171187726
1986-05-10,12.886641043883259
1986-05-17,12.858397831569864
1986-05-24,12.863592648446968
1986-05-31,12.829333698625952
1986-06-07,12.834681304952548
1986-06-14,12.818551923022664
1986-06-21,12.813117127036707
1986-06-28,12.823957341589573
1986-07-05,12.823957341589573
1986-07-12,12.796633237315017
1986-07-19,12.777052192115912
1986-07-26,12.799399490807907
1986-08-02,12.9384405392434
1986-08-09,12.9384405392434
1986-08-16,12.916568464424731
1986-08-23,12.891691559669328
1986-08-30,12.901716706288706
1986-09-06,12.89921982609012
1986-09-13,12.884106188280072
1986-09-20,12.896716695872
1986-09-27,12.871334622600584
1986-10-04,12.876462838967504
1986-10-11,12.866179972011919
1986-10-18,12.86099861326992
1986-10-25,12.821258284620408
1986-11-01,12.804909146618877
1986-11-08,12.762827201184564
1986-11-15,12.815838217151068
1986-11-22,12.818551923022664
1986-11-29,12.810388612383504
1986-12-06,12.802158113246987
1986-12-13,12.834681304952548
1986-12-20,12.765688433465597
1986-12-27,12.751299696013497
1987-01-03,12.685407602204794
1987-01-10,12.759957758756611
1987-01-17,12.739637756265655
1987-01-24,12.75419405403986
1987-01-31,12.821258284620408
1987-02-07,12.815838217151068
1987-02-14,12.730801174465157
1987-02-21,12.739637756265655
1987-02-28,12.759957758756611
1987-03-07,12.727838209334498
1987-03-14,12.721885810807203
1987-03-21,12.721885810807203
1987-03-28,12.694652660348845
1987-04-04,12.706847933442663
1987-04-11,12.730801174465157
1987-04-18,12.762827201184564
1987-04-25,12.70076888736628
1987-05-02,12.706847933442663
1987-05-09,12.66032791780777
1987-05-16,12.739637756265655
1987-05-23,12.745485726148077
1987-05-30,12.694652660348845
1987-06-06,12.70076888736628
1987-06-13,12.66349749256905
1987-06-20,12.672946381766982
1987-06-27,12.694652660348845
1987-07-04,12.694652660348845
1987-07-11,12.666657052859417
1987-07-18,12.644327576461329
1987-07-25,12.688498794774466
1987-08-01,12.759957758756611
1987-08-08,12.697715449879391
1987-08-15,12.672946381766982
1987-08-22,12.65075846679162
1987-08-29,12.682306824526545
1987-09-05,12.66349749256905
1987-09-12,12.601487417784837
1987-09-19,12.641096555879882
1987-09-26,12.666657052859417
1987-10-03,12.614865543731012
1987-10-10,12.637855061955712
1987-10-17,12.614865543731012
1987-10-24,12.614865543731012
1987-10-31,12.57418196709457
1987-11-07,12.601487417784837
1987-11-14,12.634603026569334
1987-11-21,12.666657052859417
1987-11-28,12.631340380934517
1987-12-05,12.672946381766982
1987-12-12,12.666657052859417
1987-12-19,12.685407602204794
1987-12-26,12.66349749256905
1988-01-02,12.66032791780777
1988-01-09,12.691580461311874
1988-01-16,12.796633237315017
1988-01-23,12.721885810807203
1988-01-30,12.742566016044742
1988-02-06,12.669806661762314
1988-02-13,12.647548191161372
1988-02-20,12.697715449879391
1988-02-27,12.672946381766982
1988-03-05,12.634603026569334
1988-03-12,12.624782980388359
1988-03-19,12.634603026569334
1988-03-26,12.624782980388359
1988-04-02,12.641096555879882
1988-04-09,12.65395846952229
1988-04-16,12.65714826489039
1988-04-23,12.65075846679162
1988-04-30,12.65395846952229
1988-05-07,12.641096555879882
1988-05-14,12.65714826489039
1988-05-21,12.672946381766982
1988-05-28,12.65395846952229
1988-06-04,12.644327576461329
1988-06-11,12.628067055589549
1988-06-18,12.647548191161372
1988-06-25,12.634603026569334
1988-07-02,12.628067055589549
1988-07-09,12.621488084491506
1988-07-16,12.66032791780777
1988-07-23,12.777052192115912
1988-07-30,12.7098736543592
1988-08-06,12.66349749256905
1988-08-13,12.65075846679162
1988-08-20,12.66349749256905
1988-08-27,12.66032791780777
1988-09-03,12.631340380934517
1988-09-10,12.628067055589549
1988-09-17,12.631340380934517
1988-09-24,12.614865543731012
1988-10-01,12.584509081250419
1988-10-08,12.584509081250419
1988-10-15,12.587927887999204
1988-10-22,12.56374708980199
1988-10-29,12.591335046320818
1988-11-05,12.560244459250788
1988-11-12,12.556729517143344
1988-11-19,12.591335046320818
1988-11-26,12.608198852372823
1988-12-03,12.604848765487542
1988-12-10,12.560244459250788
1988-12-17,12.587927887999204
1988-12-24,12.56374708980199
1988-12-31,12.624782980388359
1989-01-07,12.608198852372823
1989-01-14,12.553202176625375
1989-01-21,12.54966234992025
1989-01-28,12.594730635321957
1989-02-04,12.570715759118084
1989-02-11,12.682306824526545
1989-02-18,12.628067055589549
1989-02-25,12.611537753638338
1989-03-04,12.691580461311874
1989-03-11,12.691580461311874
1989-03-18,12.672946381766982
1989-03-25,12.672946381766982
1989-04-01,12.685407602204794
1989-04-08,12.65714826489039
1989-04-15,12.634603026569334
1989-04-22,12.624782980388359
1989-04-29,12.647548191161372
1989-05-06,12.676076274775909
1989-05-13,12.712890247898626
1989-05-20,12.679196402112153
1989-05-27,12.691580461311874
1989-06-03,12.691580461311874
1989-06-10,12.712890247898626
1989-06-17,12.727838209334498
1989-06-24,12.730801174465157
1989-07-01,12.762827201184564
1989-07-08,12.739637756265655
1989-07-15,12.762827201184564
1989-07-22,12.712890247898626
1989-07-29,12.727838209334498
1989-08-05,12.730801174465157
1989-08-12,12.739637756265655
1989-08-19,12.697715449879391
1989-08-26,12.712890247898626
1989-09-02,12.70381302974751
1989-09-09,12.724866438945341
1989-09-16,12.718896271958837
1989-09-23,12.718896271958837
1989-09-30,12.757080058928997
1989-10-07,12.916568464424731
1989-10-14,12.751299696013497
1989-10-21,12.757080058928997
1989-10-28,12.777052192115912
1989-11-04,12.71589776896258
1989-11-11,12.724866438945341
1989-11-18,12.724866438945341
1989-11-25,12.742566016044742
1989-12-02,12.748396936355535
1989-12-09,12.730801174465157
1989-12-16,12.779873068457553
1989-12-23,12.850554654108839
1989-12-30,12.788288265382837
1990-01-06,12.779873068457553
1990-01-13,12.818551923022664
1990-01-20,12.834681304952548
1990-01-27,12.751299696013497
1990-02-03,12.815838217151068
1990-02-10,12.813117127036707
1990-02-17,12.759957758756611
1990-02-24,12.765688433465597
1990-03-03,12.768541502448002
1990-03-10,12.762827201184564
1990-03-17,12.762827201184564
1990-03-24,12.7098736543592
1990-03-31,12.75419405403986
1990-04-07,12.813117127036707
1990-04-14,12.785491060761776
1990-04-21,12.793859310432293
1990-04-28,12.802158113246987
1990-05-05,12.777052192115912
1990-05-12,12.779873068457553
1990-05-19,12.774223335915433
1990-05-26,12.791077667470416
1990-06-02,12.815838217151068
1990-06-09,12.791077667470416
1990-06-16,12.791077667470416
1990-06-23,12.799399490807907
1990-06-30,12.804909146618877
1990-07-07,12.799399490807907
1990-07-14,12.813117127036707
1990-07-21,12.821258284620408
1990-07-28,12.818551923022664
1990-08-04,12.818551923022664
1990-08-11,12.850554654108839
1990-08-18,12.881564890851399
1990-08-25,12.884106188280072
1990-09-01,12.8790171187726
1990-09-08,12.873902018105829
1990-09-15,12.886641043883259
1990-09-22,12.871334622600584
1990-09-29,12.909170156943286
1990-10-06,12.909170156943286
1990-10-13,12.952760593018148
1990-10-20,12.983101310070822
1990-10-27,12.994530005894443
1990-11-03,12.971540487669746
1990-11-10,13.012548511397123
1990-11-17,13.010313873595706
1990-11-24,13.043320170063875
1990-12-01,13.019222618484815
1990-12-08,13.01477816672439
1990-12-15,13.010313873595706
1990-12-22,13.068962600677214
1990-12-29,13.025852477023484
1991-01-05,12.936033799212835
1991-01-12,12.987688474077727
1991-01-19,13.005829561148378
1991-01-26,13.043320170063875
1991-02-02,13.087771932634709
1991-02-09,13.081541382884074
1991-02-16,13.068962600677214
1991-02-23,13.120361374733656
1991-03-02,13.098070684835283
1991-03-09,13.120361374733656
1991-03-16,13.11835535600679
1991-03-23,13.14020329553266
1991-03-30,13.120361374733656
1991-04-06,13.021437458814368
1991-04-13,13.075271769870477
1991-04-20,13.077366011473593
1991-04-27,13.043320170063875
1991-05-04,13.019222618484815
1991-05-11,13.008074231002201
1991-05-18,13.012548511397123
1991-05-25,13.001325049027272
1991-06-01,12.976180867226248
1991-06-08,12.996800154428984
1991-06-15,12.969212197910155
1991-06-22,12.955127458028414
1991-06-29,12.943236711506893
1991-07-06,12.952760593018148
1991-07-13,12.948009990259552
1991-07-20,12.9190224533863
1991-07-27,12.955127458028414
1991-08-03,12.989974189358584
1991-08-10,12.987688474077727
1991-08-17,12.978493006984626
1991-08-24,12.959844447906553
1991-08-31,12.959844447906553
1991-09-07,12.957488734214095
1991-09-14,12.943236711506893
1991-09-21,12.945626198904275
1991-09-28,12.987688474077727
1991-10-05,12.957488734214095
1991-10-12,12.959844447906553
1991-10-19,12.945626198904275
1991-10-26,12.955127458028414
1991-11-02,13.010313873595706
1991-11-09,13.023647404465171
1991-11-16,12.992254692057308
1991-11-23,13.003579841414362
1991-11-30,13.003579841414362
1991-12-07,13.071070083016778
1991-12-14,13.071070083016778
1991-12-21,12.985397522331171
1991-12-28,12.996800154428984
1992-01-04,12.976180867226248
1992-01-11,12.994530005894443
1992-01-18,13.001325049027272
1992-01-25,12.996800154428984
1992-02-01,12.994530005894443
1992-02-08,13.005829561148378
1992-02-15,13.008074231002201
1992-02-22,12.985397522331171
1992-02-29,13.003579841414362
1992-03-07,12.950388112664518
1992-03-14,12.987688474077727
1992-03-21,12.994530005894443
1992-03-28,12.948009990259552
1992-04-04,12.928778628331663
1992-04-11,12.931202871943169
1992-04-18,12.957488734214095
1992-04-25,12.957488734214095
1992-05-02,12.973863369085885
1992-05-09,12.94084150078094
1992-05-16,12.933621252807452
1992-05-23,12.933621252807452
1992-05-30,12.926348493478372
1992-06-06,12.9384405392434
1992-06-13,12.948009990259552
1992-06-20,12.945626198904275
1992-06-27,12.948009990259552
1992-07-04,12.916568464424731
1992-07-11,12.9190224533863
1992-07-18,12.8790171187726
1992-07-25,13.242809530480196
1992-08-01,12.955127458028414
1992-08-08,12.91410843858387
1992-08-15,12.901716706288706
1992-08-22,12.894207284266574
1992-08-29,12.9190224533863
1992-09-05,12.9384405392434
1992-09-12,12.9384405392434
1992-09-19,12.96453929221076
1992-09-26,12.921470435024938
1992-10-03,12.894207284266574
1992-10-10,12.832011076396668
1992-10-17,12.86099861326992
1992-10-24,12.813117127036707
1992-10-31,12.80765263256463
1992-11-07,12.832011076396668
1992-11-14,12.840000466430148
1992-11-21,12.785491060761776
1992-11-28,12.739637756265655
1992-12-05,12.765688433465597
1992-12-12,12.791077667470416
1992-12-19,12.718896271958837
1992-12-26,12.65395846952229
1993-01-02,12.739637756265655
1993-01-09,12.777052192115912
1993-01-16,12.771386454580234
1993-01-23,12.739637756265655
1993-01-30,12.736700896592344
1993-02-06,12.672946381766982
1993-02-13,12.679196402112153
1993-02-20,12.768541502448002
1993-02-27,12.799399490807907
1993-03-06,12.777052192115912
1993-03-13,12.75419405403986
1993-03-20,12.730801174465157
1993-03-27,12.810388612383504
1993-04-03,12.80765263256463
1993-04-10,12.774223335915433
1993-04-17,12.768541502448002
1993-04-24,12.765688433465597
1993-05-01,12.745485726148077
1993-05-08,12.733755386362587
1993-05-15,12.751299696013497
1993-05-22,12.742566016044742
1993-05-29,12.762827201184564
1993-06-05,12.745485726148077
1993-06-12,12.745485726148077
1993-06-19,12.751299696013497
1993-06-26,12.736700896592344
1993-07-03,12.718896271958837
1993-07-10,12.65714826489039
1993-07-17,12.721885810807203
1993-07-24,12.936033799212835
1993-07-31,12.782686009834167
1993-08-07,12.75419405403986
1993-08-14,12.733755386362587
1993-08-21,12.742566016044742
1993-08-28,12.727838209334498
1993-09-04,12.718896271958837
1993-09-11,12.71589776896258
1993-09-18,12.75419405403986
1993-09-25,12.745485726148077
1993-10-02,12.71589776896258
1993-10-09,12.779873068457553
1993-10-16,12.791077667470416
1993-10-23,12.777052192115912
1993-10-30,12.759957758756611
1993-11-06,12.765688433465597
1993-11-13,12.739637756265655
1993-11-20,12.724866438945341
1993-11-27,12.727838209334498
1993-12-04,12.727838209334498
1993-12-11,12.718896271958837
1993-12-18,12.7098736543592
1993-12-25,12.577636201962656
1994-01-01,12.739637756265655
1994-01-08,12.745485726148077
1994-01-15,12.779873068457553
1994-01-22,12.768541502448002
1994-01-29,12.91410843858387
1994-02-05,12.796633237315017
1994-02-12,12.777052192115912
1994-02-19,12.771386454580234
1994-02-26,12.697715449879391
1994-03-05,12.759957758756611
1994-03-12,12.739637756265655
1994-03-19,12.712890247898626
1994-03-26,12.682306824526545
1994-04-02,12.742566016044742
1994-04-09,12.762827201184564
1994-04-16,12.777052192115912
1994-04-23,12.7098736543592
1994-04-30,12.748396936355535
1994-05-07,12.823957341589573
1994-05-14,12.793859310432293
1994-05-21,12.785491060761776
1994-05-28,12.759957758756611
1994-06-04,12.751299696013497
1994-06-11,12.730801174465157
1994-06-18,12.724866438945341
1994-06-25,12.739637756265655
1994-07-02,12.718896271958837
1994-07-09,12.739637756265655
1994-07-16,12.791077667470416
1994-07-23,12.751299696013497
1994-07-30,12.712890247898626
1994-08-06,12.730801174465157
1994-08-13,12.721885810807203
1994-08-20,12.7098736543592
1994-08-27,12.739637756265655
1994-09-03,12.733755386362587
1994-09-10,12.7098736543592
1994-09-17,12.694652660348845
1994-09-24,12.691580461311874
1994-10-01,12.706847933442663
1994-10-08,12.739637756265655
1994-10-15,12.721885810807203
1994-10-22,12.706847933442663
1994-10-29,12.7098736543592
1994-11-05,12.70076888736628
1994-11-12,12.70381302974751
1994-11-19,12.694652660348845
1994-11-26,12.70381302974751
1994-12-03,12.688498794774466
1994-12-10,12.70381302974751
1994-12-17,12.706847933442663
1994-12-24,12.65714826489039
1994-12-31,12.672946381766982
1995-01-07,12.730801174465157
1995-01-14,12.757080058928997
1995-01-21,12.691580461311874
1995-01-28,12.688498794774466
1995-02-04,12.688498794774466
1995-02-11,12.759957758756611
1995-02-18,12.745485726148077
1995-02-25,12.724866438945341
1995-03-04,12.733755386362587
1995-03-11,12.757080058928997
1995-03-18,12.745485726148077
1995-03-25,12.712890247898626
1995-04-01,12.721885810807203
1995-04-08,12.757080058928997
1995-04-15,12.779873068457553
1995-04-22,12.762827201184564
1995-04-29,12.80765263256463
1995-05-06,12.804909146618877
1995-05-13,12.810388612383504
1995-05-20,12.840000466430148
1995-05-27,12.832011076396668
1995-06-03,12.799399490807907
1995-06-10,12.813117127036707
1995-06-17,12.842649474601725
1995-06-24,12.788288265382837
1995-07-01,12.779873068457553
1995-07-08,12.826649133255284
1995-07-15,12.871334622600584
1995-07-22,12.873902018105829
1995-07-29,12.768541502448002
1995-08-05,12.768541502448002
1995-08-12,12.774223335915433
1995-08-19,12.799399490807907
1995-08-26,12.791077667470416
1995-09-02,12.779873068457553
1995-09-09,12.823957341589573
1995-09-16,12.837344422372032
1995-09-23,12.774223335915433
1995-09-30,12.779873068457553
1995-10-07,12.832011076396668
1995-10-14,12.818551923022664
1995-10-21,12.810388612383504
1995-10-28,12.840000466430148
1995-11-04,12.84792653170257
1995-11-11,12.821258284620408
1995-11-18,12.845291484064564
1995-11-25,12.845291484064564
1995-12-02,12.829333698625952
1995-12-09,12.75419405403986
1995-12-16,12.829333698625952
1995-12-23,12.832011076396668
1995-12-30,12.791077667470416
1996-01-06,12.796633237315017
1996-01-13,12.71589776896258
1996-01-20,12.936033799212835
1996-01-27,12.866179972011919
1996-02-03,12.832011076396668
1996-02-10,12.866179972011919
1996-02-17,12.855790268162783
1996-02-24,12.80765263256463
1996-03-02,12.815838217151068
1996-03-09,12.796633237315017
1996-03-16,12.858397831569864
1996-03-23,12.962194625251508
1996-03-30,12.881564890851399
1996-04-06,12.818551923022664
1996-04-13,12.785491060761776
1996-04-20,12.815838217151068
1996-04-27,12.745485726148077
1996-05-04,12.730801174465157
1996-05-11,12.771386454580234
1996-05-18,12.751299696013497
1996-05-25,12.745485726148077
1996-06-01,12.736700896592344
1996-06-08,12.768541502448002
1996-06-15,12.742566016044742
1996-06-22,12.739637756265655
1996-06-29,12.727838209334498
1996-07-06,12.742566016044742
1996-07-13,12.757080058928997
1996-07-20,12.712890247898626
1996-07-27,12.697715449879391
1996-08-03,12.694652660348845
1996-08-10,12.7098736543592
1996-08-17,12.724866438945341
1996-08-24,12.727838209334498
1996-08-31,12.70381302974751
1996-09-07,12.71589776896258
1996-09-14,12.730801174465157
1996-09-21,12.771386454580234
1996-09-28,12.759957758756611
1996-10-05,12.721885810807203
1996-10-12,12.718896271958837
1996-10-19,12.721885810807203
1996-10-26,12.771386454580234
1996-11-02,12.718896271958837
1996-11-09,12.697715449879391
1996-11-16,12.742566016044742
1996-11-23,12.757080058928997
1996-11-30,12.712890247898626
1996-12-07,12.779873068457553
1996-12-14,12.771386454580234
1996-12-21,12.765688433465597
1996-12-28,12.785491060761776
1997-01-04,12.757080058928997
1997-01-11,12.688498794774466
1997-01-18,12.751299696013497
1997-01-25,12.736700896592344
1997-02-01,12.71589776896258
1997-02-08,12.66032791780777
1997-02-15,12.65395846952229
1997-02-22,12.682306824526545
1997-03-01,12.679196402112153
1997-03-08,12.666657052859417
1997-03-15,12.672946381766982
1997-03-22,12.66032791780777
1997-03-29,12.691580461311874
1997-04-05,12.691580461311874
1997-04-12,12.706847933442663
1997-04-19,12.66349749256905
1997-04-26,12.727838209334498
1997-05-03,12.742566016044742
1997-05-10,12.669806661762314
1997-05-17,12.682306824526545
1997-05-24,12.66349749256905
1997-05-31,12.679196402112153
1997-06-07,12.70381302974751
1997-06-14,12.721885810807203
1997-06-21,12.66349749256905
1997-06-28,12.682306824526545
1997-07-05,12.75419405403986
1997-07-12,12.70076888736628
1997-07-19,12.614865543731012
1997-07-26,12.631340380934517
1997-08-02,12.676076274775909
1997-08-09,12.70381302974751
1997-08-16,12.745485726148077
1997-08-23,12.697715449879391
1997-08-30,12.712890247898626
1997-09-06,12.65395846952229
1997-09-13,12.65714826489039
1997-09-20,12.666657052859417
1997-09-27,12.666657052859417
1997-10-04,12.647548191161372
1997-10-11,12.628067055589549
1997-10-18,12.669806661762314
1997-10-25,12.631340380934517
1997-11-01,12.65395846952229
1997-11-08,12.637855061955712
1997-11-15,12.691580461311874
1997-11-22,12.641096555879882
1997-11-29,12.669806661762314
1997-12-06,12.666657052859417
1997-12-13,12.685407602204794
1997-12-20,12.644327576461329
1997-12-27,12.621488084491506
1998-01-03,12.65075846679162
1998-01-10,12.7098736543592
1998-01-17,12.739637756265655
1998-01-24,12.634603026569334
1998-01-31,12.66032791780777
1998-02-07,12.647548191161372
1998-02-14,12.679196402112153
1998-02-21,12.697715449879391
1998-02-28,12.666657052859417
1998-03-07,12.637855061955712
1998-03-14,12.672946381766982
1998-03-21,12.679196402112153
1998-03-28,12.65075846679162
1998-04-04,12.65075846679162
1998-04-11,12.624782980388359
1998-04-18,12.666657052859417
1998-04-25,12.647548191161372
1998-05-02,12.624782980388359
1998-05-09,12.631340380934517
1998-05-16,12.66032791780777
1998-05-23,12.641096555879882
1998-05-30,12.682306824526545
1998-06-06,12.631340380934517
1998-06-13,12.679196402112153
1998-06-20,12.762827201184564
1998-06-27,12.837344422372032
1998-07-04,12.799399490807907
1998-07-11,12.676076274775909
1998-07-18,12.66032791780777
1998-07-25,12.721885810807203
1998-08-01,12.697715449879391
1998-08-08,12.66349749256905
1998-08-15,12.637855061955712
1998-08-22,12.618182296357007
1998-08-29,12.644327576461329
1998-09-05,12.65395846952229
1998-09-12,12.624782980388359
1998-09-19,12.628067055589549
1998-09-26,12.591335046320818
1998-10-03,12.618182296357007
1998-10-10,12.66349749256905
1998-10-17,12.669806661762314
1998-10-24,12.641096555879882
1998-10-31,12.637855061955712
1998-11-07,12.66349749256905
1998-11-14,12.718896271958837
1998-11-21,12.624782980388359
1998-11-28,12.644327576461329
1998-12-05,12.694652660348845
1998-12-12,12.628067055589549
1998-12-19,12.601487417784837
1998-12-26,12.724866438945341
1999-01-02,12.7098736543592
1999-01-09,12.751299696013497
1999-01-16,12.733755386362587
1999-01-23,12.647548191161372
1999-01-30,12.628067055589549
1999-02-06,12.581078546153629
1999-02-13,12.65075846679162
1999-02-20,12.618182296357007
1999-02-27,12.614865543731012
1999-03-06,12.611537753638338
1999-03-13,12.637855061955712
1999-03-20,12.628067055589549
1999-03-27,12.604848765487542
1999-04-03,12.644327576461329
1999-04-10,12.672946381766982
1999-04-17,12.65714826489039
1999-04-24,12.581078546153629
1999-05-01,12.598114733306197
1999-05-08,12.644327576461329
1999-05-15,12.614865543731012
1999-05-22,12.604848765487542
1999-05-29,12.621488084491506
1999-06-05,12.621488084491506
1999-06-12,12.577636201962656
1999-06-19,12.584509081250419
1999-06-26,12.581078546153629
1999-07-03,12.567237494741757
1999-07-10,12.570715759118084
1999-07-17,12.641096555879882
1999-07-24,12.631340380934517
1999-07-31,12.611537753638338
1999-08-07,12.594730635321957
1999-08-14,12.584509081250419
1999-08-21,12.56374708980199
1999-08-28,12.577636201962656
1999-09-04,12.577636201962656
1999-09-11,12.546109948315882
1999-09-18,12.546109948315882
1999-09-25,12.631340380934517
1999-10-02,12.641096555879882
1999-10-09,12.581078546153629
1999-10-16,12.567237494741757
1999-10-23,12.542544882151386
1999-10-30,12.560244459250788
1999-11-06,12.54966234992025
1999-11-13,12.546109948315882
1999-11-20,12.528156144699286
1999-11-27,12.570715759118084
1999-12-04,12.567237494741757
1999-12-11,12.513557345278134
1999-12-18,12.567237494741757
1999-12-25,12.498742259492994
2000-01-01,12.56374708980199
2000-01-08,12.604848765487542
2000-01-15,12.57418196709457
2000-01-22,12.556729517143344
2000-01-29,12.560244459250788
2000-02-05,12.65075846679162
2000-02-12,12.611537753638338
2000-02-19,12.553202176625375
2000-02-26,12.542544882151386
2000-03-04,12.56374708980199
2000-03-11,12.506177237980511
2000-03-18,12.509874099861838
2000-03-25,12.513557345278134
2000-04-01,12.491251587763836
2000-04-08,12.498742259492994
2000-04-15,12.464583340681674
2000-04-22,12.520883385370206
2000-04-29,12.581078546153629
2000-05-06,12.587927887999204
2000-05-13,12.528156144699286
2000-05-20,12.542544882151386
2000-05-27,12.542544882151386
2000-06-03,12.577636201962656
2000-06-10,12.556729517143344
2000-06-17,12.591335046320818
2000-06-24,12.598114733306197
2000-07-01,12.546109948315882
2000-07-08,12.587927887999204
2000-07-15,12.621488084491506
2000-07-22,12.611537753638338
2000-07-29,12.604848765487542
2000-08-05,12.631340380934517
2000-08-12,12.66032791780777
2000-08-19,12.669806661762314
2000-08-26,12.65075846679162
2000-09-02,12.614865543731012
2000-09-09,12.641096555879882
2000-09-16,12.647548191161372
2000-09-23,12.570715759118084
2000-09-30,12.584509081250419
2000-10-07,12.641096555879882
2000-10-14,12.608198852372823
2000-10-21,12.594730635321957
2000-10-28,12.614865543731012
2000-11-04,12.7098736543592
2000-11-11,12.669806661762314
2000-11-18,12.712890247898626
2000-11-25,12.782686009834167
2000-12-02,12.730801174465157
2000-12-09,12.679196402112153
2000-12-16,12.777052192115912
2000-12-23,12.804909146618877
2000-12-30,12.774223335915433
2001-01-06,12.727838209334498
2001-01-13,12.669806661762314
2001-01-20,12.745485726148077
2001-01-27,12.799399490807907
2001-02-03,12.837344422372032
2001-02-10,12.80765263256463
2001-02-17,12.788288265382837
2001-02-24,12.863592648446968
2001-03-03,12.858397831569864
2001-03-10,12.881564890851399
2001-03-17,12.881564890851399
2001-03-24,12.842649474601725
2001-03-31,12.86876061860541
2001-04-07,12.894207284266574
2001-04-14,12.855790268162783
2001-04-21,12.89921982609012
2001-04-28,12.91410843858387
2001-05-05,12.850554654108839
2001-05-12,12.873902018105829
2001-05-19,12.904207367601158
2001-05-26,12.911642346088676
2001-06-02,12.91410843858387
2001-06-09,12.926348493478372
2001-06-16,12.884106188280072
2001-06-23,12.850554654108839
2001-06-30,12.884106188280072
2001-07-07,12.901716706288706
2001-07-14,12.911642346088676
2001-07-21,12.894207284266574
2001-07-28,12.86876061860541
2001-08-04,12.901716706288706
2001-08-11,12.884106188280072
2001-08-18,12.904207367601158
2001-08-25,12.886641043883259
2001-09-01,12.904207367601158
2001-09-08,12.9190224533863
2001-09-15,12.886641043883259
2001-09-22,13.023647404465171
2001-09-29,13.155798153490567
2001-10-06,13.073173133213556
2001-10-13,13.085699393032737
2001-10-20,13.085699393032737
2001-10-27,13.087771932634709
2001-11-03,12.994530005894443
2001-11-10,12.966878474563934
2001-11-17,12.973863369085885
2001-11-24,13.104199406776658
2001-12-01,13.049792684569493
2001-12-08,12.881564890851399
2001-12-15,12.871334622600584
2001-12-22,12.9384405392434
2001-12-29,12.950388112664518
2002-01-05,12.891691559669328
2002-01-12,12.943236711506893
2002-01-19,12.911642346088676
2002-01-26,12.933621252807452
2002-02-02,12.909170156943286
2002-02-09,12.891691559669328
2002-02-16,12.891691559669328
2002-02-23,12.894207284266574
2002-03-02,12.8790171187726
2002-03-09,12.896716695872
2002-03-16,12.8790171187726
2002-03-23,12.936033799212835
2002-03-30,13.079455876393052
2002-04-06,13.005829561148378
2002-04-13,12.999065161059836
2002-04-20,12.9384405392434
2002-04-27,12.933621252807452
2002-05-04,12.921470435024938
2002-05-11,12.931202871943169
2002-05-18,12.926348493478372
2002-05-25,12.90669184092882
2002-06-01,12.842649474601725
2002-06-08,12.86876061860541
2002-06-15,12.889169490236618
2002-06-22,12.86876061860541
2002-06-29,12.863592648446968
2002-07-06,12.876462838967504
2002-07-13,12.858397831569864
2002-07-20,12.845291484064564
2002-07-27,12.873902018105829
2002-08-03,12.86876061860541
2002-08-10,12.871334622600584
2002-08-17,12.896716695872
2002-08-24,12.894207284266574
2002-08-31,12.884106188280072
2002-09-07,12.9384405392434
2002-09-14,12.928778628331663
2002-09-21,12.901716706288706
2002-09-28,12.921470435024938
2002-10-05,12.909170156943286
2002-10-12,12.911642346088676
2002-10-19,12.928778628331663
2002-10-26,12.921470435024938
2002-11-02,12.911642346088676
2002-11-09,12.89921982609012
2002-11-16,12.871334622600584
2002-11-23,12.873902018105829
2002-11-30,12.840000466430148
2002-12-07,12.959844447906553
2002-12-14,12.969212197910155
2002-12-21,12.884106188280072
2002-12-28,12.921470435024938
2003-01-04,12.881564890851399
2003-01-11,12.842649474601725
2003-01-18,12.904207367601158
2003-01-25,12.916568464424731
2003-02-01,12.931202871943169
2003-02-08,12.873902018105829
2003-02-15,12.948009990259552
2003-02-22,12.950388112664518
2003-03-01,12.985397522331171
2003-03-08,12.957488734214095
2003-03-15,12.971540487669746
2003-03-22,12.926348493478372
2003-03-29,12.985397522331171
2003-04-05,12.94084150078094
2003-04-12,12.980799813082541
2003-04-19,13.017002861746503
2003-04-26,13.003579841414362
2003-05-03,12.966878474563934
2003-05-10,12.94084150078094
2003-05-17,12.959844447906553
2003-05-24,12.945626198904275
2003-05-31,12.973863369085885
2003-06-07,12.969212197910155
2003-06-14,12.950388112664518
2003-06-21,12.9190224533863
2003-06-28,12.969212197910155
2003-07-05,12.978493006984626
2003-07-12,12.928778628331663
2003-07-19,12.90669184092882
2003-07-26,12.894207284266574
2003-08-02,12.901716706288706
2003-08-09,12.909170156943286
2003-08-16,12.894207284266574
2003-08-23,12.876462838967504
2003-08-30,12.916568464424731
2003-09-06,12.952760593018148
2003-09-13,12.884106188280072
2003-09-20,12.845291484064564
2003-09-27,12.866179972011919
2003-10-04,12.863592648446968
2003-10-11,12.837344422372032
2003-10-18,12.866179972011919
2003-10-25,12.845291484064564
2003-11-01,12.802158113246987
2003-11-08,12.823957341589573
2003-11-15,12.821258284620408
2003-11-22,12.777052192115912
2003-11-29,12.785491060761776
2003-12-06,12.813117127036707
2003-12-13,12.802158113246987
2003-12-20,12.777052192115912
2003-12-27,12.762827201184564
2004-01-03,12.782686009834167
2004-01-10,12.777052192115912
2004-01-17,12.799399490807907
2004-01-24,12.774223335915433
2004-01-31,12.837344422372032
2004-02-07,12.84792653170257
2004-02-14,12.782686009834167
2004-02-21,12.791077667470416
2004-02-28,12.759957758756611
2004-03-06,12.748396936355535
2004-03-13,12.730801174465157
2004-03-20,12.75419405403986
2004-03-27,12.736700896592344
2004-04-03,12.721885810807203
2004-04-10,12.779873068457553
2004-04-17,12.804909146618877
2004-04-24,12.733755386362587
2004-05-01,12.688498794774466
2004-05-08,12.70381302974751
2004-05-15,12.762827201184564
2004-05-22,12.742566016044742
2004-05-29,12.727838209334498
2004-06-05,12.779873068457553
2004-06-12,12.733755386362587
2004-06-19,12.777052192115912
2004-06-26,12.759957758756611
2004-07-03,12.694652660348845
2004-07-10,12.751299696013497
2004-07-17,12.779873068457553
2004-07-24,12.759957758756611
2004-07-31,12.739637756265655
2004-08-07,12.724866438945341
2004-08-14,12.712890247898626
2004-08-21,12.745485726148077
2004-08-28,12.771386454580234
2004-09-04,12.694652660348845
2004-09-11,12.7098736543592
2004-09-18,12.739637756265655
2004-09-25,12.768541502448002
2004-10-02,12.721885810807203
2004-10-09,12.730801174465157
2004-10-16,12.697715449879391
2004-10-23,12.730801174465157
2004-10-30,12.712890247898626
2004-11-06,12.706847933442663
2004-11-13,12.727838209334498
2004-11-20,12.65395846952229
2004-11-27,12.721885810807203
2004-12-04,12.745485726148077
2004-12-11,12.66349749256905
2004-12-18,12.682306824526545
2004-12-25,12.676076274775909
2005-01-01,12.782686009834167
2005-01-08,12.818551923022664
2005-01-15,12.712890247898626
2005-01-22,12.70381302974751
2005-01-29,12.7098736543592
2005-02-05,12.634603026569334
2005-02-12,12.637855061955712
2005-02-19,12.669806661762314
2005-02-26,12.65714826489039
2005-03-05,12.71589776896258
2005-03-12,12.688498794774466
2005-03-19,12.70381302974751
2005-03-26,12.742566016044742
2005-04-02,12.721885810807203
2005-04-09,12.685407602204794
2005-04-16,12.634603026569334
2005-04-23,12.666657052859417
2005-04-30,12.718896271958837
2005-05-07,12.697715449879391
2005-05-14,12.679196402112153
2005-05-21,12.676076274775909
2005-05-28,12.736700896592344
2005-06-04,12.730801174465157
2005-06-11,12.71589776896258
2005-06-18,12.679196402112153
2005-06-25,12.647548191161372
2005-07-02,12.697715449879391
2005-07-09,12.730801174465157
2005-07-16,12.685407602204794
2005-07-23,12.669806661762314
2005-07-30,12.66349749256905
2005-08-06,12.647548191161372
2005-08-13,12.672946381766982
2005-08-20,12.66032791780777
2005-08-27,12.669806661762314
2005-09-03,12.694652660348845
2005-09-10,12.952760593018148
2005-09-17,12.957488734214095
2005-09-24,12.791077667470416
2005-10-01,12.858397831569864
2005-10-08,12.855790268162783
2005-10-15,12.759957758756611
2005-10-22,12.688498794774466
2005-10-29,12.682306824526545
2005-11-05,12.691580461311874
2005-11-12,12.641096555879882
2005-11-19,12.688498794774466
2005-11-26,12.647548191161372
2005-12-03,12.679196402112153
2005-12-10,12.697715449879391
2005-12-17,12.65075846679162
2005-12-24,12.676076274775909
2005-12-31,12.618182296357007
2006-01-07,12.694652660348845
2006-01-14,12.560244459250788
2006-01-21,12.577636201962656
2006-01-28,12.54966234992025
2006-02-04,12.57418196709457
2006-02-11,12.604848765487542
2006-02-18,12.553202176625375
2006-02-25,12.587927887999204
2006-03-04,12.618182296357007
2006-03-11,12.634603026569334
2006-03-18,12.621488084491506
2006-03-25,12.594730635321957
2006-04-01,12.581078546153629
2006-04-08,12.608198852372823
2006-04-15,12.608198852372823
2006-04-22,12.637855061955712
2006-04-29,12.679196402112153
2006-05-06,12.757080058928997
2006-05-13,12.721885810807203
2006-05-20,12.672946381766982
2006-05-27,12.706847933442663
2006-06-03,12.634603026569334
2006-06-10,12.604848765487542
2006-06-17,12.637855061955712
2006-06-24,12.641096555879882
2006-07-01,12.66349749256905
2006-07-08,12.745485726148077
2006-07-15,12.669806661762314
2006-07-22,12.631340380934517
2006-07-29,12.647548191161372
2006-08-05,12.669806661762314
2006-08-12,12.644327576461329
2006-08-19,12.66032791780777
2006-08-26,12.65714826489039
2006-09-02,12.66032791780777
2006-09-09,12.65714826489039
2006-09-16,12.688498794774466
2006-09-23,12.672946381766982
2006-09-30,12.641096555879882
2006-10-07,12.66349749256905
2006-10-14,12.628067055589549
2006-10-21,12.65395846952229
2006-10-28,12.70076888736628
2006-11-04,12.672946381766982
2006-11-11,12.647548191161372
2006-11-18,12.694652660348845
2006-11-25,12.762827201184564
2006-12-02,12.697715449879391
2006-12-09,12.647548191161372
2006-12-16,12.669806661762314
2006-12-23,12.685407602204794
2006-12-30,12.739637756265655
2007-01-06,12.706847933442663
2007-01-13,12.598114733306197
2007-01-20,12.721885810807203
2007-01-27,12.637855061955712
2007-02-03,12.644327576461329
2007-02-10,12.730801174465157
2007-02-17,12.679196402112153
2007-02-24,12.682306824526545
2007-03-03,12.676076274775909
2007-03-10,12.637855061955712
2007-03-17,12.641096555879882
2007-03-24,12.621488084491506
2007-03-31,12.634603026569334
2007-04-07,12.712890247898626
2007-04-14,12.697715449879391
2007-04-21,12.679196402112153
2007-04-28,12.614865543731012
2007-05-05,12.611537753638338
2007-05-12,12.601487417784837
2007-05-19,12.644327576461329
2007-05-26,12.644327576461329
2007-06-02,12.65395846952229
2007-06-09,12.65395846952229
2007-06-16,12.676076274775909
2007-06-23,12.65395846952229
2007-06-30,12.666657052859417
2007-07-07,12.679196402112153
2007-07-14,12.666657052859417
2007-07-21,12.644327576461329
2007-07-28,12.628067055589549
2007-08-04,12.65714826489039
2007-08-11,12.66349749256905
2007-08-18,12.679196402112153
2007-08-25,12.70381302974751
2007-09-01,12.65714826489039
2007-09-08,12.679196402112153
2007-09-15,12.65395846952229
2007-09-22,12.618182296357007
2007-09-29,12.666657052859417
2007-10-06,12.66349749256905
2007-10-13,12.721885810807203
2007-10-20,12.718896271958837
2007-10-27,12.70076888736628
2007-11-03,12.697715449879391
2007-11-10,12.71589776896258
2007-11-17,12.712890247898626
2007-11-24,12.771386454580234
2007-12-01,12.748396936355535
2007-12-08,12.712890247898626
2007-12-15,12.765688433465597
2007-12-22,12.779873068457553
2007-12-29,12.793859310432293
2008-01-05,12.75419405403986
2008-01-12,12.682306824526545
2008-01-19,12.679196402112153
2008-01-26,12.810388612383504
2008-02-02,12.765688433465597
2008-02-09,12.748396936355535
2008-02-16,12.733755386362587
2008-02-23,12.777052192115912
2008-03-01,12.751299696013497
2008-03-08,12.759957758756611
2008-03-15,12.818551923022664
2008-03-22,12.815838217151068
2008-03-29,12.866179972011919
2008-04-05,12.777052192115912
2008-04-12,12.80765263256463
2008-04-19,12.762827201184564
2008-04-26,12.821258284620408
2008-05-03,12.821258284620408
2008-05-10,12.810388612383504
2008-05-17,12.813117127036707
2008-05-24,12.818551923022664
2008-05-31,12.799399490807907
2008-06-07,12.853175887588712
2008-06-14,12.842649474601725
2008-06-21,12.850554654108839
2008-06-28,12.8790171187726
2008-07-05,12.823957341589573
2008-07-12,12.86099861326992
2008-07-19,12.904207367601158
2008-07-26,12.980799813082541
2008-08-02,13.012548511397123
2008-08-09,12.971540487669746
2008-08-16,12.957488734214095
2008-08-23,12.950388112664518
2008-08-30,12.999065161059836
2008-09-06,12.996800154428984
2008-09-13,13.01477816672439
2008-09-20,13.087771932634709
2008-09-27,13.087771932634709
2008-10-04,13.085699393032737
2008-10-11,13.041153321978786
2008-10-18,13.077366011473593
2008-10-25,13.081541382884074
2008-11-01,13.102160670086809
2008-11-08,13.146079904021645
2008-11-15,13.19188944005294
2008-11-22,13.184398768323781
2008-11-29,13.178743710840436
2008-12-06,13.253391639810733
2008-12-13,13.24634935718532
2008-12-20,13.282780098810234
2008-12-27,13.186276703147982
2009-01-03,13.128345449081877
2009-01-10,13.219490088135052
2009-01-17,13.289571296388235
2009-01-24,13.281075068559149
2009-01-31,13.351886535682578
2009-02-07,13.3645249345543
2009-02-14,13.356644673128994
2009-02-21,13.39239051461739
2009-02-28,13.38779984090879
2009-03-07,13.399995114002609
2009-03-14,13.386264921190707
2009-03-21,13.401509118833824
2009-03-28,13.407542319637992
2009-04-04,13.389332408258568
2009-04-11,13.303016877097587
2009-04-18,13.367659733359671
2009-04-25,13.337474757021274
2009-05-02,13.308012724290958
2009-05-09,13.345506928718539
2009-05-16,13.337474757021274
2009-05-23,13.314635265051452
2009-05-30,13.316284070041636
2009-06-06,13.297995946047488
2009-06-13,13.296316684527767
2009-06-20,13.317930160948304
2009-06-27,13.294634598344782
2009-07-04,13.258640995696876
2009-07-11,13.210374254727043
2009-07-18,13.235692062711331
2009-07-25,13.282780098810234
2009-08-01,13.226723392728571
2009-08-08,13.226723392728571
2009-08-15,13.239257128875828
2009-08-22,13.235692062711331
2009-08-29,13.242809530480196
2009-09-05,13.232114241363448
2009-09-12,13.203021280421783
2009-09-19,13.19188944005294
2009-09-26,13.224919965729422
2009-10-03,13.186276703147982
2009-10-10,13.144124869185841
2009-10-17,13.182517300224076
2009-10-24,13.180632285528304
2009-10-31,13.165422866864775
2009-11-07,13.146079904021645
2009-11-14,13.13626628257332
2009-11-21,13.085699393032737
2009-11-28,13.071070083016778
2009-12-05,13.116345305078767
2009-12-12,13.11835535600679
2009-12-19,13.079455876393052
2009-12-26,13.056223574899784
2010-01-02,13.030248088496522
2010-01-09,13.058358047428417
2010-01-16,13.13626628257332
2010-01-23,13.062613372998555
2010-01-30,13.114331205707064
2010-02-06,13.051940913107783
2010-02-13,13.10011776845701
2010-02-20,13.122363377404328
2010-02-27,13.098070684835283
2010-03-06,13.064734264567692
2010-03-13,13.077366011473593
2010-03-20,13.064734264567692
2010-03-27,13.036805489042683
2010-04-03,13.079455876393052
2010-04-10,13.079455876393052
2010-04-17,13.058358047428417
2010-04-24,13.01477816672439
2010-05-01,13.019222618484815
2010-05-08,13.019222618484815
2010-05-15,13.068962600677214
2010-05-22,13.045482333068371
2010-05-29,13.034624463096321
2010-06-05,13.036805489042683
2010-06-12,13.054084536651034
2010-06-19,13.021437458814368
2010-06-26,13.047639831208393
2010-07-03,13.025852477023484
2010-07-10,12.992254692057308
2010-07-17,13.043320170063875
2010-07-24,13.049792684569493
2010-07-31,13.073173133213556
2010-08-07,13.087771932634709
2010-08-14,13.093963902882631
2010-08-21,13.047639831208393
2010-08-28,13.054084536651034
2010-09-04,13.021437458814368
2010-09-11,13.003579841414362
2010-09-18,13.036805489042683
2010-09-25,13.036805489042683
2010-10-02,13.008074231002201
2010-10-09,13.036805489042683
2010-10-16,13.003579841414362
2010-10-23,12.976180867226248
2010-10-30,13.023647404465171
2010-11-06,12.980799813082541
2010-11-13,12.976180867226248
2010-11-20,12.916568464424731
2010-11-27,12.976180867226248
2010-12-04,12.966878474563934
2010-12-11,12.959844447906553
2010-12-18,12.957488734214095
2010-12-25,12.909170156943286
2011-01-01,12.931202871943169
2011-01-08,12.980799813082541
2011-01-15,12.950388112664518
2011-01-22,13.008074231002201
2011-01-29,12.948009990259552
2011-02-05,12.904207367601158
2011-02-12,12.959844447906553
2011-02-19,12.884106188280072
2011-02-26,12.86099861326992
2011-03-05,12.933621252807452
2011-03-12,12.909170156943286
2011-03-19,12.916568464424731
2011-03-26,12.896716695872
2011-04-02,12.886641043883259
2011-04-09,12.9384405392434
2011-04-16,12.904207367601158
2011-04-23,12.952760593018148
2011-04-30,13.056223574899784
2011-05-07,12.983101310070822
2011-05-14,12.933621252807452
2011-05-21,12.955127458028414
2011-05-28,12.943236711506893
2011-06-04,12.955127458028414
2011-06-11,12.931202871943169
2011-06-18,12.9384405392434
2011-06-25,12.950388112664518
2011-07-02,12.943236711506893
2011-07-09,12.9190224533863
2011-07-16,12.948009990259552
2011-07-23,12.926348493478372
2011-07-30,12.91410843858387
2011-08-06,12.911642346088676
2011-08-13,12.921470435024938
2011-08-20,12.936033799212835
2011-08-27,12.921470435024938
2011-09-03,12.933621252807452
2011-09-10,12.969212197910155
2011-09-17,12.952760593018148
2011-09-24,12.91410843858387
2011-10-01,12.911642346088676
2011-10-08,12.92391243868049
2011-10-15,12.886641043883259
2011-10-22,12.90669184092882
2011-10-29,12.896716695872
2011-11-05,12.8790171187726
2011-11-12,12.855790268162783
2011-11-19,12.86099861326992
2011-11-26,12.891691559669328
2011-12-03,12.866179972011919
2011-12-10,12.815838217151068
2011-12-17,12.815838217151068
2011-12-24,12.863592648446968
2011-12-31,12.837344422372032
2012-01-07,12.876462838967504
2012-01-14,12.813117127036707
2012-01-21,12.850554654108839
2012-01-28,12.826649133255284
2012-02-04,12.815838217151068
2012-02-11,12.796633237315017
2012-02-18,12.791077667470416
2012-02-25,12.80765263256463
2012-03-03,12.834681304952548
2012-03-10,12.818551923022664
2012-03-17,12.815838217151068
2012-03-24,12.802158113246987
2012-03-31,12.788288265382837
2012-04-07,12.866179972011919
2012-04-14,12.850554654108839
2012-04-21,12.866179972011919
2012-04-28,12.826649133255284
2012-05-05,12.829333698625952
2012-05-12,12.818551923022664
2012-05-19,12.823957341589573
2012-05-26,12.850554654108839
2012-06-02,12.840000466430148
2012-06-09,12.855790268162783
2012-06-16,12.858397831569864
2012-06-23,12.84792653170257
2012-06-30,12.826649133255284
2012-07-07,12.793859310432293
2012-07-14,12.873902018105829
2012-07-21,12.815838217151068
2012-07-28,12.826649133255284
2012-08-04,12.823957341589573
2012-08-11,12.818551923022664
2012-08-18,12.837344422372032
2012-08-25,12.840000466430148
2012-09-01,12.823957341589573
2012-09-08,12.881564890851399
2012-09-15,12.8790171187726
2012-09-22,12.840000466430148
2012-09-29,12.837344422372032
2012-10-06,12.765688433465597
2012-10-13,12.863592648446968
2012-10-20,12.832011076396668
2012-10-27,12.804909146618877
2012-11-03,12.80765263256463
2012-11-10,13.008074231002201
2012-11-17,12.91410843858387
2012-11-24,12.86876061860541
2012-12-01,12.834681304952548
2012-12-08,12.736700896592344
2012-12-15,12.782686009834167
2012-12-22,12.799399490807907
2012-12-29,12.799399490807907
2013-01-05,12.802158113246987
2013-01-12,12.748396936355535
2013-01-19,12.733755386362587
2013-01-26,12.810388612383504
2013-02-02,12.796633237315017
2013-02-09,12.757080058928997
2013-02-16,12.799399490807907
2013-02-23,12.742566016044742
2013-03-02,12.736700896592344
2013-03-09,12.745485726148077
2013-03-16,12.745485726148077
2013-03-23,12.788288265382837
2013-03-30,12.834681304952548
2013-04-06,12.791077667470416
2013-04-13,12.782686009834167
2013-04-20,12.745485726148077
2013-04-27,12.7098736543592
2013-05-04,12.721885810807203
2013-05-11,12.793859310432293
2013-05-18,12.745485726148077
2013-05-25,12.774223335915433
2013-06-01,12.75419405403986
2013-06-08,12.727838209334498
2013-06-15,12.774223335915433
2013-06-22,12.757080058928997
2013-06-29,12.736700896592344
2013-07-06,12.768541502448002
2013-07-13,12.748396936355535
2013-07-20,12.779873068457553
2013-07-27,12.718896271958837
2013-08-03,12.733755386362587
2013-08-10,12.697715449879391
2013-08-17,12.736700896592344
2013-08-24,12.724866438945341
2013-08-31,12.691580461311874
2013-09-07,12.611537753638338
2013-09-14,12.685407602204794
2013-09-21,12.65714826489039
2013-09-28,12.672946381766982
2013-10-05,12.815838217151068
2013-10-12,12.815838217151068
2013-10-19,12.768541502448002
2013-10-26,12.757080058928997
2013-11-02,12.742566016044742
2013-11-09,12.736700896592344
2013-11-16,12.7098736543592
2013-11-23,12.66349749256905
2013-11-30,12.65075846679162
2013-12-07,12.777052192115912
2013-12-14,12.804909146618877
2013-12-21,12.718896271958837
2013-12-28,12.712890247898626
2014-01-04,12.682306824526545
2014-01-11,12.669806661762314
2014-01-18,12.697715449879391
2014-01-25,12.736700896592344
2014-02-01,12.7098736543592
2014-02-08,12.727838209334498
2014-02-15,12.712890247898626
2014-02-22,12.739637756265655
2014-03-01,12.672946381766982
2014-03-08,12.682306824526545
2014-03-15,12.679196402112153
2014-03-22,12.65395846952229
2014-03-29,12.706847933442663
2014-04-05,12.647548191161372
2014-04-12,12.637855061955712
2014-04-19,12.697715449879391
2014-04-26,12.751299696013497
2014-05-03,12.691580461311874
2014-05-10,12.621488084491506
2014-05-17,12.688498794774466
2014-05-24,12.628067055589549
2014-05-31,12.65075846679162
2014-06-07,12.666657052859417
2014-06-14,12.65714826489039
2014-06-21,12.66032791780777
2014-06-28,12.637855061955712
2014-07-05,12.618182296357007
2014-07-12,12.637855061955712
2014-07-19,12.591335046320818
2014-07-26,12.621488084491506
2014-08-02,12.594730635321957
2014-08-09,12.641096555879882
2014-08-16,12.621488084491506
2014-08-23,12.611537753638338
2014-08-30,12.621488084491506
2014-09-06,12.634603026569334
2014-09-13,12.570715759118084
2014-09-20,12.594730635321957
2014-09-27,12.577636201962656
2014-10-04,12.587927887999204
2014-10-11,12.546109948315882
2014-10-18,12.577636201962656
2014-10-25,12.581078546153629
2014-11-01,12.542544882151386
2014-11-08,12.581078546153629
2014-11-15,12.587927887999204
2014-11-22,12.621488084491506
2014-11-29,12.581078546153629
2014-12-06,12.581078546153629
2014-12-13,12.56374708980199
2014-12-20,12.528156144699286
2014-12-27,12.560244459250788
2015-01-03,12.591335046320818
2015-01-10,12.624782980388359
2015-01-17,12.604848765487542
2015-01-24,12.47227568630483
2015-01-31,12.546109948315882
2015-02-07,12.604848765487542
2015-02-14,12.560244459250788
2015-02-21,12.628067055589549
2015-02-28,12.666657052859417
2015-03-07,12.587927887999204
2015-03-14,12.577636201962656
2015-03-21,12.556729517143344
2015-03-28,12.502466658583977
2015-04-04,12.54966234992025
2015-04-11,12.604848765487542
2015-04-18,12.594730635321957
2015-04-25,12.502466658583977
2015-05-02,12.495003937382387
2015-05-09,12.509874099861838
2015-05-16,12.528156144699286
2015-05-23,12.546109948315882
2015-05-30,12.524526376648708
2015-06-06,12.535376392672774
2015-06-13,12.502466658583977
2015-06-20,12.517227074167097
2015-06-27,12.524526376648708
2015-07-04,12.584509081250419
2015-07-11,12.560244459250788
2015-07-18,12.487485104968359
2015-07-25,12.502466658583977
2015-08-01,12.506177237980511
2015-08-08,12.520883385370206
2015-08-15,12.538967060803502
2015-08-22,12.520883385370206
2015-08-29,12.538967060803502
2015-09-05,12.517227074167097
2015-09-12,12.483704382128453
2015-09-19,12.502466658583977
2015-09-26,12.513557345278134
2015-10-03,12.495003937382387
2015-10-10,12.487485104968359
2015-10-17,12.483704382128453
2015-10-24,12.483704382128453
2015-10-31,12.524526376648708
2015-11-07,12.528156144699286
2015-11-14,12.513557345278134
2015-11-21,12.47227568630483
2015-11-28,12.487485104968359
2015-12-05,12.542544882151386
2015-12-12,12.498742259492994
2015-12-19,12.468436909997665
2015-12-26,12.528156144699286
2016-01-02,12.517227074167097
2016-01-09,12.556729517143344
2016-01-16,12.577636201962656
2016-01-23,12.502466658583977
2016-01-30,12.54966234992025
2016-02-06,12.491251587763836
2016-02-13,12.476099782743233
2016-02-20,12.506177237980511
2016-02-27,12.502466658583977
2016-03-05,12.449018824140563
2016-03-12,12.479909311159902
2016-03-19,12.483704382128453
2016-03-26,12.509874099861838
2016-04-02,12.517227074167097
2016-04-09,12.479909311159902
2016-04-16,12.456831363877356
2016-04-23,12.464583340681674
2016-04-30,12.535376392672774
2016-05-07,12.57418196709457
2016-05-14,12.538967060803502
2016-05-21,12.495003937382387
2016-05-28,12.479909311159902
2016-06-04,12.487485104968359
2016-06-11,12.517227074167097
2016-06-18,12.47227568630483
2016-06-25,12.476099782743233
2016-07-02,12.449018824140563
2016-07-09,12.437184366493561
2016-07-16,12.468436909997665
2016-07-23,12.483704382128453
2016-07-30,12.491251587763836
2016-08-06,12.487485104968359
2016-08-13,12.483704382128453
2016-08-20,12.483704382128453
2016-08-27,12.47227568630483
2016-09-03,12.456831363877356
2016-09-10,12.437184366493561
2016-09-17,12.429216196844383
2016-09-24,12.417143615610113
2016-10-01,12.409013489526863
2016-10-08,12.429216196844383
2016-10-15,12.479909311159902
2016-10-22,12.4529327234617
2016-10-29,12.487485104968359
2016-11-05,12.429216196844383
2016-11-12,12.354492650648448
2016-11-19,12.4130868149145
2016-11-26,12.449018824140563
2016-12-03,12.421184025147118
2016-12-10,12.437184366493561
2016-12-17,12.468436909997665
2016-12-24,12.456831363877356
2016-12-31,12.404923504275338
2017-01-07,12.409013489526863
2017-01-14,12.388394202324129
2017-01-21,12.429216196844383
2017-01-28,12.392552212472792
2017-02-04,12.345834587905333
2017-02-11,12.358793732547838
2017-02-18,12.375815420117268
2017-02-25,12.30591798049989
2017-03-04,12.371587084007746
2017-03-11,12.337100907936577
2017-03-18,12.367340793126296
2017-03-25,12.371587084007746
2017-04-01,12.283033686666302
2017-04-08,12.310432660854417
2017-04-15,12.35017298950393
2017-04-22,12.380025952653611
2017-04-29,12.354492650648448
2017-05-06,12.358793732547838
2017-05-13,12.363076394339839
2017-05-20,12.371587084007746
2017-05-27,12.441144767709657
2017-06-03,12.43320821811392
2017-06-10,12.409013489526863
2017-06-17,12.425208175446844
2017-06-24,12.417143615610113
2017-07-01,12.4529327234617
2017-07-08,12.464583340681674
2017-07-15,12.409013489526863
2017-07-22,12.425208175446844
2017-07-29,12.409013489526863
2017-08-05,12.445089546000673
2017-08-12,12.409013489526863
2017-08-19,12.409013489526863
2017-08-26,12.417143615610113
2017-09-02,12.601487417784837
2017-09-09,12.542544882151386
2017-09-16,12.47227568630483
2017-09-23,12.483704382128453
2017-09-30,12.468436909997665
2017-10-07,12.437184366493561
2017-10-14,12.367340793126296
2017-10-21,12.392552212472792
2017-10-28,12.392552212472792
2017-11-04,12.421184025147118
2017-11-11,12.445089546000673
2017-11-18,12.4130868149145
2017-11-25,12.400816722322686
2017-12-02,12.392552212472792
2017-12-09,12.341477282536376
2017-12-16,12.404923504275338
2017-12-23,12.43320821811392
2017-12-30,12.421184025147118
2018-01-06,12.437184366493561
2018-01-13,12.345834587905333
2018-01-20,12.35017298950393
2018-01-27,12.337100907936577
2018-02-03,12.319401330837177
2018-02-10,12.323855681186558
2018-02-17,12.296827008798639
2018-02-24,12.283033686666302
2018-03-03,12.337100907936577
2018-03-10,12.314927050442256
2018-03-17,12.323855681186558
2018-03-24,12.30591798049989
2018-03-31,12.354492650648448
2018-04-07,12.363076394339839
2018-04-14,12.371587084007746
2018-04-21,12.240474072247506
2018-04-28,12.250089530946948
2018-05-05,12.259613412458204
2018-05-12,12.310432660854417
2018-05-19,12.345834587905333
2018-05-26,12.310432660854417
2018-06-02,12.314927050442256
2018-06-09,12.310432660854417
2018-06-16,12.292250341771226
2018-06-23,12.310432660854417
2018-06-30,12.337100907936577
2018-07-07,12.283033686666302
2018-07-14,12.230765258120545
2018-07-21,12.254862809699606
2018-07-28,12.240474072247506
2018-08-04,12.254862809699606
2018-08-11,12.235631447771718
2018-08-18,12.240474072247506
2018-08-25,12.259613412458204
2018-09-01,12.211060187041213
2018-09-08,12.225875272826354
2018-09-15,12.235631447771718
2018-09-22,12.230765258120545
2018-09-29,12.254862809699606
2018-10-06,12.259613412458204
2018-10-13,12.245293358683455
2018-10-20,12.287652632522597
2018-10-27,12.283033686666302
2018-11-03,12.292250341771226
2018-11-10,12.30591798049989
2018-11-17,12.323855681186558
2018-11-24,12.375815420117268
2018-12-01,12.354492650648448
2018-12-08,12.245293358683455
2018-12-15,12.287652632522597
2018-12-22,12.337100907936577
2018-12-29,12.380025952653611
2019-01-05,12.323855681186558
2019-01-12,12.292250341771226
2019-01-19,12.273731294003989
2019-01-26,12.363076394339839
2019-02-02,12.354492650648448
2019-02-09,12.328290278254423
2019-02-16,12.259613412458204
2019-02-23,12.30591798049989
2019-03-02,12.283033686666302
2019-03-09,12.292250341771226
2019-03-16,12.26434155365415
2019-03-23,12.254862809699606
2019-03-30,12.220961258023925
2019-04-06,12.185869938212655
2019-04-13,12.190959007720126
2019-04-20,12.310432660854417
2019-04-27,12.319401330837177
2019-05-04,12.323855681186558
2019-05-11,12.26434155365415
2019-05-18,12.2783933071098
2019-05-25,12.310432660854417
2019-06-01,12.314927050442256
2019-06-08,12.328290278254423
2019-06-15,12.287652632522597
2019-06-22,12.363076394339839
2019-06-29,12.328290278254423
2019-07-06,12.2783933071098
2019-07-13,12.259613412458204
2019-07-20,12.216022976383341
2019-07-27,12.235631447771718
2019-08-03,12.245293358683455
2019-08-10,12.26434155365415
2019-08-17,12.240474072247506
2019-08-24,12.269047444691562
2019-08-31,12.2783933071098
2019-09-07,12.240474072247506
2019-09-14,12.230765258120545
2019-09-21,12.259613412458204
2019-09-28,12.2783933071098
2019-10-05,12.250089530946948
2019-10-12,12.2783933071098
2019-10-19,12.254862809699606
2019-10-26,12.2783933071098
2019-11-02,12.273731294003989
2019-11-09,12.332705296463539
2019-11-16,12.341477282536376
2019-11-23,12.30591798049989
2019-11-30,12.35017298950393
2019-12-07,12.417143615610113
2019-12-14,12.371587084007746
2019-12-21,12.345834587905333
2019-12-28,12.35017298950393
2020-01-04,12.319401330837177
2020-01-11,12.240474072247506
2020-01-18,12.30591798049989
2020-01-25,12.254862809699606
2020-02-01,12.240474072247506
2020-02-08,12.216022976383341
2020-02-15,12.250089530946948
2020-02-22,12.292250341771226
2020-02-29,12.2783933071098
2020-03-07,12.245293358683455
2020-03-14,12.517227074167097
2020-03-21,14.885037265737287
2020-03-28,15.59822928254018
2020-04-04,15.629846581371234
2020-04-11,15.398399135164839
2020-04-18,15.25083315015152
2020-04-25,15.052724696070012
2020-05-02,14.843700382335838
2020-05-09,14.663522449085134
2020-05-16,14.59299888695797
2020-05-23,14.468356441750693
2020-05-30,14.309596857725968
2020-06-06,14.269765830241871
2020-06-13,14.202811695444767
2020-06-20,14.198730057125118
2020-06-27,14.184311681700848
2020-07-04,14.161225661666665
2020-07-11,14.199411488156597
2020-07-18,14.146970252761943
2020-07-25,14.04662227892766
2020-08-01,13.85857004742472
2020-08-08,13.692212341619781
2020-08-15,13.739708844547993
2020-08-22,13.683121369918528
2020-08-29,13.688812904918317
2020-09-05,13.701221411562146
2020-09-12,13.665849783409868
2020-09-19,13.663524200966393
2020-09-26,13.58609739363647
2020-10-03,13.573438996764546
2020-10-10,13.639965985449344
2020-10-17,13.597354548161103
2020-10-24,13.561907799165356
2020-10-31,13.558034327569558
2020-11-07,13.510343171171474
2020-11-14,13.51169910358261
2020-11-21,13.583578500616985
2020-11-28,13.510343171171474
2020-12-05,13.67969083482174
2020-12-12,13.694472229587218
2020-12-19,13.610943392223
2020-12-26,13.558034327569558
2021-01-02,13.596109992928898
2021-01-09,13.698976741708323
2021-01-16,13.645907773578093
2021-01-23,13.591116224748411
2021-01-30,13.596109992928898
2021-02-06,13.607255619143816
2021-02-13,13.594863886848652
2021-02-20,13.461688683007948
2021-02-27,13.46453363514018
2021-03-06,13.448785278172041
2021-03-13,13.457406021215947
2021-03-20,13.348701819615057
2021-03-27,13.396960210307455
2021-04-03,13.37700559577791
2021-04-10,13.255144488638146
2021-04-17,13.24634935718532
2021-04-24,13.260384675301703
2021-05-01,13.155798153490567
2021-05-08,13.110290796170059
2021-05-15,13.054084536651034
2021-05-22,12.996800154428984
2021-05-29,12.96453929221076
2021-06-05,12.948009990259552
2021-06-12,12.966878474563934
2021-06-19,12.952760593018148
2021-06-26,12.818551923022664
2021-07-03,12.823957341589573
2021-07-10,12.712890247898626
2021-07-17,12.866179972011919
2021-07-24,12.84792653170257
2021-07-31,12.84792653170257
2021-08-07,12.796633237315017
2021-08-14,12.815838217151068
2021-08-21,12.788288265382837
2021-08-28,12.774223335915433
2021-09-04,12.727838209334498
2021-09-11,12.748396936355535
2021-09-18,12.813117127036707
2021-09-25,12.832011076396668
2021-10-02,12.65714826489039
2021-10-09,12.577636201962656
2021-10-16,12.577636201962656
2021-10-23,12.498742259492994
2021-10-30,12.476099782743233
2021-11-06,12.43320821811392
2021-11-13,12.429216196844383
2021-11-20,12.314927050442256
2021-11-27,12.310432660854417
2021-12-04,12.240474072247506
2021-12-11,12.332705296463539
2021-12-18,12.2783933071098
2021-12-25,12.283033686666302
2022-01-01,12.332705296463539
2022-01-08,12.417143615610113
2022-01-15,12.409013489526863
2022-01-22,12.380025952653611
2022-01-29,12.35017298950393
2022-02-05,12.254862809699606
2022-02-12,12.363076394339839
2022-02-19,12.323855681186558
2022-02-26,12.250089530946948
2022-03-05,12.310432660854417
2022-03-12,12.287652632522597
2022-03-19,12.240474072247506
2022-03-26,12.273731294003989
2022-04-02,12.2783933071098
2022-04-09,12.269047444691562
2022-04-16,12.250089530946948
2022-04-23,12.254862809699606
2022-04-30,12.296827008798639
2022-05-07,12.225875272826354
2022-05-14,12.323855681186558
2022-05-21,12.259613412458204
2022-05-28,12.206072645530174
2022-06-04,12.273731294003989
2022-06-11,12.269047444691562
2022-06-18,12.2783933071098
2022-06-25,12.26434155365415
2022-07-02,12.2783933071098
2022-07-09,12.26434155365415
2022-07-16,12.283033686666302
2022-07-23,12.301382825334498
2022-07-30,12.337100907936577
2022-08-06,12.30591798049989
2022-08-13,12.301382825334498
2022-08-20,12.2783933071098
2022-08-27,12.254862809699606
2022-09-03,12.225875272826354
2022-09-10,12.190959007720126
2022-09-17,12.211060187041213
2022-09-24,12.14950229404178
2022-10-01,12.225875272826354
2022-10-08,12.235631447771718
2022-10-15,12.201060103706629
2022-10-22,12.211060187041213
2022-10-29,12.216022976383341
2022-11-05,12.225875272826354
2022-11-12,12.254862809699606
2022-11-19,12.301382825334498
2022-11-26,12.250089530946948
2022-12-03,12.250089530946948
2022-12-10,12.254862809699606
2022-12-17,12.269047444691562
2022-12-24,12.225875272826354
2022-12-31,12.225875272826354
2023-01-07,12.245293358683455
2023-01-14,12.220961258023925
2023-01-21,12.220961258023925
2023-01-28,12.206072645530174
2023-02-04,12.2783933071098
2023-02-11,12.296827008798639
2023-02-18,12.287652632522597
2023-02-25,12.250089530946948
2023-03-04,12.341477282536376
2023-03-11,12.310432660854417
2023-03-18,12.345834587905333
2023-03-25,12.363076394339839
2023-04-01,12.287652632522597
2023-04-08,12.296827008798639
2023-04-15,12.314927050442256
2023-04-22,12.254862809699606
2023-04-29,12.273731294003989
2023-05-06,12.314927050442256
2023-05-13,12.323855681186558
2023-05-20,12.332705296463539
2023-05-27,12.345834587905333
2023-06-03,12.441144767709657
2023-06-10,12.460714863903755
2023-06-17,12.468436909997665
2023-06-24,12.371587084007746
2023-07-01,12.421184025147118
2023-07-08,12.341477282536376
2023-07-15,12.337100907936577
2023-07-22,12.35017298950393
2023-07-29,12.380025952653611
2023-08-05,12.460714863903755
2023-08-12,12.421184025147118
2023-08-19,12.388394202324129
2023-08-26,12.363076394339839
2023-09-02,12.332705296463539
2023-09-09,12.332705296463539
2023-09-16,12.254862809699606
2023-09-23,12.2783933071098
2023-09-30,12.283033686666302
2023-10-07,12.254862809699606
2023-10-14,12.206072645530174
2023-10-21,12.273731294003989
2023-10-28,12.287652632522597
2023-11-04,12.283033686666302
2023-11-11,12.341477282536376
2023-11-18,12.269047444691562
2023-11-25,12.273731294003989
2023-12-02,12.283033686666302
2023-12-09,12.225875272826354
2023-12-16,12.250089530946948
2023-12-23,12.254862809699606
2023-12-30,12.196022309676673
2024-01-06,12.201060103706629
2024-01-13,12.170445467887022
2024-01-20,12.314927050442256
2024-01-27,12.323855681186558
2024-02-03,12.273731294003989
2024-02-10,12.26434155365415
2024-02-17,12.220961258023925
2024-02-24,12.273731294003989
2024-03-02,12.26434155365415
2024-03-09,12.269047444691562
2024-03-16,12.269047444691562
2024-03-23,12.273731294003989
2024-03-30,12.314927050442256
2024-04-06,12.26434155365415
2024-04-13,12.259613412458204
2024-04-20,12.250089530946948
2024-04-27,12.250089530946948
2024-05-04,12.341477282536376
2024-05-11,12.310432660854417
2024-05-18,12.283033686666302
2024-05-25,12.30591798049989
2024-06-01,12.341477282536376
2024-06-08,12.392552212472792
2024-06-15,12.375815420117268
2024-06-22,12.358793732547838
2024-06-29,12.380025952653611
2024-07-06,12.310432660854417
2024-07-13,12.388394202324129
2024-07-20,12.371587084007746
2024-07-27,12.421184025147118
2024-08-03,12.363076394339839
2024-08-10,12.337100907936577
2024-08-17,12.354492650648448
2024-08-24,12.354492650648448
2024-08-31,12.337100907936577
2024-09-07,12.345834587905333
2024-09-14,12.310432660854417
2024-09-21,12.30591798049989
2024-09-28,12.332705296463539
2024-10-05,12.464583340681674
2024-10-12,12.388394202324129
2024-10-19,12.337100907936577
2024-10-26,12.292250341771226
2024-11-02,12.30591798049989
2024-11-09,12.296827008798639
2024-11-16,12.283033686666302
2024-11-23,12.283033686666302
2024-11-30,12.323855681186558
2024-12-07,12.384218830913648
2024-12-14,12.310432660854417
2024-12-21,12.296827008798639
2024-12-28,12.250089530946948
2025-01-04,12.230765258120545
2025-01-11,12.287652632522597
2025-01-18,12.310432660854417
2025-01-25,12.254862809699606
2025-02-01,12.310432660854417
2025-02-08,12.2783933071098
2025-02-15,12.319401330837177
2025-02-22,12.400816722322686
2025-03-01,12.319401330837177
2025-03-08,12.314927050442256
2025-03-15,12.323855681186558
2025-03-22,12.323855681186558
2025-03-29,12.296827008798639
2025-04-05,12.319401330837177
2025-04-12,12.283033686666302
2025-04-19,12.314927050442256
2025-04-26,12.392552212472792
2025-05-03,12.341477282536376
2025-05-10,12.337100907936577
2025-05-17,12.328290278254423
2025-05-24,12.384218830913648
2025-05-31,12.4130868149145
2025-06-07,12.421184025147118
2025-06-14,12.4130868149145
2025-06-21,12.375815420117268
2025-06-28,12.354492650648448
2025-07-05,12.337100907936577
2025-07-12,12.30591798049989
2025-07-19,12.287652632522597
2025-07-26,12.296827008798639
2025-08-02,12.332705296463539
2025-08-09,12.319401330837177
2025-08-16,12.363076394339839
2025-08-23,12.341477282536376
2025-08-30,12.371587084007746
2025-09-06,12.483704382128453
2025-09-13,12.354492650648448
2025-09-20,12.296827008798639
2025-09-27,12.319401330837177
2025-10-04,12.367340793126296
2025-10-11,12.301382825334498
2025-10-18,12.354492650648448
2025-10-25,12.301382825334498
2025-11-01,12.341477282536376
2025-11-08,12.337100907936577
2025-11-15,12.310432660854417
2025-11-22,12.287652632522597
2025-11-29,12.165250651009918
2025-12-06,12.375815420117268
2025-12-13,12.319401330837177
2025-12-20,12.2783933071098
2025-12-27,12.206072645530174
2026-01-03,12.240474072247506
2026-01-10,12.201060103706629
2026-01-17,12.254862809699606
2026-01-24,12.250089530946948
2026-01-31,12.354492650648448
2026-02-07,12.341477282536376
2026-02-14,12.245293358683455
2026-02-21,12.269047444691562
2026-02-28,12.273731294003989
2026-03-07,12.269047444691562
